"id","selection_change","start_time","end_time","difficulty_feedback","trust_feedback","answer_state","answer_text","student_id","hint_used","question_id","answer_choice_id","is_hidden"
35,0,2019-08-07 17:12:08.722 -0700,2019-08-07 17:12:08.721 -0700,1,3,true,"",5,false,36,121,false
38,0,2019-08-10 08:28:12.116 -0700,2019-08-10 08:28:12.116 -0700,3,1,false,"",5,false,37,125,false
39,0,2019-08-10 08:33:03.479 -0700,2019-08-10 08:33:03.478 -0700,1,1,true,"",5,false,2,7,false
40,0,2019-08-10 08:40:25.411 -0700,2019-08-10 08:40:25.411 -0700,0,2,true,"",5,false,5,18,false
41,0,2019-08-10 08:51:39.062 -0700,2019-08-10 08:51:39.062 -0700,3,2,false,"",5,false,3,11,false
42,0,2019-08-10 09:05:08.654 -0700,2019-08-10 09:05:08.654 -0700,2,1,false,"",5,false,57,197,false
43,0,2019-08-10 09:09:48.569 -0700,2019-08-10 09:10:31.131 -0700,3,2,false,"",5,true,58,203,false
44,0,2019-08-10 09:12:20.603 -0700,2019-08-10 09:13:28.322 -0700,3,3,true,"",5,false,59,206,false
51,0,2019-08-11 20:40:52.115 -0700,2019-08-11 20:41:08.086 -0700,0,0,false,"",5,true,7,24,false
52,0,2019-08-11 20:42:56.681 -0700,2019-08-11 20:43:08.666 -0700,0,0,false,"",5,false,85,304,false
55,1,2019-08-14 19:18:57.217 -0700,2019-08-14 19:19:30.254 -0700,0,0,true,"",2,false,8,27,false
58,2,2019-08-14 19:56:08.913 -0700,2019-08-14 19:56:28.651 -0700,3,2,false,"",5,false,10,36,false
67,1,2019-08-15 14:38:50.327 -0700,2019-08-15 14:39:14.460 -0700,1,3,true,"",11,false,2,7,false
68,1,2019-08-15 14:39:23.206 -0700,2019-08-15 14:39:53.021 -0700,0,0,true,"",11,false,3,10,false
69,1,2019-08-15 14:39:57.906 -0700,2019-08-15 14:40:16.280 -0700,0,0,true,"",11,false,4,15,false
70,1,2019-08-15 14:40:20.849 -0700,2019-08-15 14:41:06.276 -0700,0,0,false,"",11,false,5,17,false
71,1,2019-08-15 15:12:23.305 -0700,2019-08-15 15:12:29.098 -0700,0,0,true,"",11,false,36,121,false
72,2,2019-08-15 15:12:30.695 -0700,2019-08-15 15:12:47.411 -0700,0,0,true,"",11,false,37,126,false
73,1,2019-08-15 15:12:48.808 -0700,2019-08-15 15:12:57.345 -0700,0,0,true,"",11,false,38,128,false
74,2,2019-08-15 15:12:58.554 -0700,2019-08-15 15:13:14.123 -0700,0,0,false,"",11,false,39,134,false
75,1,2019-08-15 15:13:23.246 -0700,2019-08-15 15:13:34.774 -0700,0,0,true,"",11,false,57,196,false
76,1,2019-08-15 15:13:36.030 -0700,2019-08-15 15:14:11.008 -0700,0,0,false,"",11,true,58,202,false
77,1,2019-08-15 15:14:27.330 -0700,2019-08-15 15:15:13.331 -0700,0,0,false,"",11,false,87,313,false
78,1,2019-08-15 15:18:04.105 -0700,2019-08-15 15:19:03.804 -0700,0,0,false,"",11,false,61,213,false
79,1,2019-08-15 15:19:14.202 -0700,2019-08-15 15:19:21.244 -0700,0,0,true,"",11,false,62,217,false
80,1,2019-08-15 20:54:55.214 -0700,2019-08-17 19:52:59.572 -0700,1,3,true,"",12,false,2,7,false
81,1,2019-08-17 19:53:02.745 -0700,2019-08-17 19:53:14.792 -0700,1,3,true,"",12,false,3,10,false
82,1,2019-08-17 19:53:17.131 -0700,2019-08-17 19:53:28.499 -0700,1,3,true,"",12,false,4,15,false
83,1,2019-08-17 19:53:30.037 -0700,2019-08-17 19:53:37.232 -0700,1,3,false,"",12,false,5,17,false
84,1,2019-08-17 19:53:47.231 -0700,2019-08-17 19:54:04.462 -0700,1,3,true,"",12,false,6,20,false
85,1,2019-08-17 19:54:06.445 -0700,2019-08-17 19:54:20.570 -0700,1,3,true,"",12,false,7,25,false
86,1,2019-08-17 19:54:22.284 -0700,2019-08-17 19:54:32.415 -0700,1,3,true,"",12,false,8,27,false
87,1,2019-08-17 19:54:34.034 -0700,2019-08-17 19:54:43.004 -0700,1,3,true,"",12,false,9,31,false
88,1,2019-08-17 19:54:44.330 -0700,2019-08-17 19:55:06.888 -0700,1,3,true,"",12,false,10,35,false
89,1,2019-08-17 19:55:08.071 -0700,2019-08-17 19:55:19.432 -0700,1,3,true,"",12,false,11,40,false
90,1,2019-08-17 19:55:20.724 -0700,2019-08-17 19:55:29.670 -0700,1,3,true,"",12,false,12,44,false
91,1,2019-08-17 19:55:30.722 -0700,2019-08-17 19:55:52.705 -0700,1,3,true,"",12,false,13,49,false
92,1,2019-08-17 19:55:54.135 -0700,2019-08-17 19:58:01.172 -0700,1,3,true,"",12,false,14,53,false
93,0,2019-08-17 19:58:42.031 -0700,2019-08-17 19:58:53.568 -0700,1,3,true,"",12,false,15,56,false
94,0,2019-08-17 19:58:55.011 -0700,2019-08-17 19:59:03.043 -0700,1,3,true,"",12,false,16,57,false
95,1,2019-08-17 19:59:04.180 -0700,2019-08-17 19:59:22.550 -0700,1,3,true,"",12,false,17,60,false
96,1,2019-08-17 19:59:23.706 -0700,2019-08-17 19:59:36.501 -0700,1,3,true,"",12,false,18,63,false
97,1,2019-08-17 19:59:38.056 -0700,2019-08-17 19:59:47.090 -0700,1,3,true,"",12,false,19,66,false
98,0,2019-08-17 19:59:48.416 -0700,2019-08-17 20:00:01.325 -0700,1,3,true,"",12,false,20,70,false
99,1,2019-08-17 20:00:02.637 -0700,2019-08-17 20:00:23.534 -0700,1,3,true,"",12,false,21,73,false
100,1,2019-08-17 20:00:24.782 -0700,2019-08-17 20:00:39.421 -0700,1,3,true,"",12,false,22,74,false
101,0,2019-08-17 20:00:40.583 -0700,2019-08-17 20:01:02.857 -0700,1,3,true,"",12,false,23,80,false
102,1,2019-08-17 20:01:04.819 -0700,2019-08-17 20:01:15.102 -0700,1,3,true,"",12,false,24,82,false
103,1,2019-08-17 20:01:16.178 -0700,2019-08-17 20:01:41.927 -0700,1,3,true,"",12,false,25,87,false
104,1,2019-08-17 20:01:44.678 -0700,2019-08-17 20:01:53.765 -0700,1,3,true,"",12,false,26,91,false
105,1,2019-08-17 20:01:55.137 -0700,2019-08-17 20:02:03.488 -0700,1,3,true,"",12,false,27,95,false
106,1,2019-08-17 20:02:05.156 -0700,2019-08-17 20:02:13.869 -0700,1,3,true,"",12,false,28,99,false
107,1,2019-08-17 20:02:15.147 -0700,2019-08-17 20:02:31.286 -0700,1,3,true,"",12,false,29,104,false
108,1,2019-08-17 20:02:32.669 -0700,2019-08-17 20:04:36.293 -0700,1,3,true,"",12,false,30,106,false
109,1,2019-08-17 20:04:37.700 -0700,2019-08-17 20:04:54.258 -0700,1,3,true,"",12,false,31,110,false
110,0,2019-08-17 20:04:55.744 -0700,2019-08-17 20:05:08.507 -0700,1,3,true,"",12,false,32,112,false
111,1,2019-08-17 20:05:09.459 -0700,2019-08-17 20:05:18.131 -0700,1,3,true,"",12,false,33,113,false
112,1,2019-08-17 20:05:18.996 -0700,2019-08-17 20:05:28.192 -0700,1,3,true,"",12,false,34,115,false
113,1,2019-08-17 20:05:29.584 -0700,2019-08-17 20:05:36.537 -0700,1,3,true,"",12,false,35,117,false
114,1,2019-08-17 20:06:07.550 -0700,2019-08-17 20:06:17.212 -0700,1,3,true,"",12,false,36,121,false
115,1,2019-08-17 20:06:18.652 -0700,2019-08-17 20:06:26.553 -0700,1,3,true,"",12,false,37,126,false
116,1,2019-08-17 20:06:27.499 -0700,2019-08-17 20:06:33.642 -0700,1,3,true,"",12,false,38,128,false
117,1,2019-08-17 20:06:35.151 -0700,2019-08-17 20:06:42.467 -0700,1,3,true,"",12,false,39,132,false
118,1,2019-08-17 20:06:43.811 -0700,2019-08-17 20:06:50.738 -0700,1,3,true,"",12,false,40,136,false
119,1,2019-08-17 20:06:52.020 -0700,2019-08-17 20:07:04.039 -0700,1,3,true,"",12,false,41,141,false
120,1,2019-08-17 20:07:05.392 -0700,2019-08-17 20:07:24.679 -0700,1,3,true,"",12,false,42,145,false
121,1,2019-08-17 20:07:26.023 -0700,2019-08-17 20:11:27.779 -0700,1,3,true,"",12,false,43,148,false
122,1,2019-08-17 20:11:29.277 -0700,2019-08-17 20:11:47.021 -0700,1,3,true,"",12,false,44,151,false
123,1,2019-08-17 20:11:48.829 -0700,2019-08-17 20:12:03.010 -0700,1,3,true,"",12,false,45,156,false
124,0,2019-08-17 20:12:04.594 -0700,2019-08-17 20:12:18.678 -0700,1,0,true,"",12,false,46,158,false
59,1,2019-08-14 21:25:30.322 -0700,2019-08-14 21:25:34.936 -0700,0,0,true,"",10,false,2,7,true
60,1,2019-08-14 21:25:38.315 -0700,2019-08-14 21:25:40.939 -0700,0,0,false,"",10,false,3,11,true
61,1,2019-08-14 21:25:43.588 -0700,2019-08-14 21:25:46.286 -0700,0,0,false,"",10,false,4,16,true
62,1,2019-08-14 21:25:51.070 -0700,2019-08-14 21:25:56.167 -0700,0,0,true,"",10,false,5,18,true
63,1,2019-08-14 21:26:03.381 -0700,2019-08-14 21:26:06.598 -0700,0,0,false,"",10,false,6,21,true
64,1,2019-08-14 21:26:17.751 -0700,2019-08-14 21:26:20.336 -0700,0,0,true,"",10,false,13,49,true
65,0,2019-08-14 21:26:29.450 -0700,2019-08-14 21:26:32.467 -0700,0,0,true,"",10,false,15,56,true
66,1,2019-08-14 21:26:39.841 -0700,2019-08-14 21:26:44.647 -0700,0,0,true,"",10,false,69,241,true
125,1,2019-08-17 20:12:19.972 -0700,2019-08-17 20:12:33.997 -0700,1,3,true,"",12,false,47,160,false
126,1,2019-08-17 20:12:35.071 -0700,2019-08-17 20:12:44.486 -0700,1,3,true,"",12,false,48,163,false
127,1,2019-08-17 20:12:46.013 -0700,2019-08-17 20:12:54.465 -0700,1,3,true,"",12,false,49,167,false
128,0,2019-08-17 20:12:55.437 -0700,2019-08-17 20:13:03.708 -0700,1,3,true,"",12,false,50,169,false
129,1,2019-08-17 20:13:04.997 -0700,2019-08-17 20:13:20.609 -0700,1,3,true,"",12,false,51,173,false
130,1,2019-08-17 20:13:23.238 -0700,2019-08-17 20:13:31.354 -0700,1,3,true,"",12,false,52,176,false
131,1,2019-08-17 20:13:32.646 -0700,2019-08-17 20:13:38.780 -0700,1,3,true,"",12,false,53,180,false
132,0,2019-08-17 20:13:39.701 -0700,2019-08-17 20:13:49.803 -0700,1,3,true,"",12,false,54,185,false
133,1,2019-08-17 20:13:51.089 -0700,2019-08-17 20:13:57.211 -0700,1,3,true,"",12,false,55,189,false
134,1,2019-08-17 20:13:58.308 -0700,2019-08-17 20:14:14.154 -0700,1,3,true,"",12,false,56,194,false
135,1,2019-08-17 20:14:46.974 -0700,2019-08-17 20:15:48.553 -0700,1,3,true,"",12,false,57,196,false
136,1,2019-08-17 20:15:54.661 -0700,2019-08-17 20:16:11.104 -0700,1,3,false,"",12,false,58,202,false
137,1,2019-08-17 20:19:00.263 -0700,2019-08-17 20:19:07.832 -0700,1,3,true,"",12,false,59,206,false
138,1,2019-08-17 20:19:08.726 -0700,2019-08-17 20:19:26.301 -0700,1,3,true,"",12,false,60,209,false
139,2,2019-08-17 20:19:27.503 -0700,2019-08-17 20:19:45.873 -0700,1,3,false,"",12,false,61,215,false
140,1,2019-08-17 20:19:55.372 -0700,2019-08-17 20:20:08.989 -0700,1,3,true,"",12,false,62,217,false
141,1,2019-08-17 20:20:10.258 -0700,2019-08-17 20:20:19.918 -0700,1,3,true,"",12,false,63,219,false
142,0,2019-08-17 20:20:20.819 -0700,2019-08-17 20:20:31.735 -0700,1,3,true,"",12,false,64,223,false
143,1,2019-08-17 20:20:32.980 -0700,2019-08-17 20:21:28.531 -0700,1,3,true,"",12,false,65,227,false
144,1,2019-08-17 20:21:29.448 -0700,2019-08-17 20:21:41.626 -0700,1,3,true,"",12,false,66,229,false
145,1,2019-08-17 20:21:42.909 -0700,2019-08-17 20:29:04.761 -0700,1,3,true,"",12,false,67,231,false
146,1,2019-08-17 20:29:14.482 -0700,2019-08-17 20:29:27.056 -0700,1,3,true,"",12,false,68,235,false
147,1,2019-08-17 20:29:30.470 -0700,2019-08-17 20:30:21.296 -0700,1,3,true,"",12,false,69,241,false
148,1,2019-08-17 20:30:22.772 -0700,2019-08-17 20:30:29.469 -0700,1,3,true,"",12,false,70,244,false
149,1,2019-08-17 20:30:31.039 -0700,2019-08-17 20:30:42.854 -0700,1,3,true,"",12,false,71,248,false
150,1,2019-08-17 20:30:44.299 -0700,2019-08-17 20:31:02.638 -0700,1,3,true,"",12,false,72,251,false
151,1,2019-08-17 20:31:03.944 -0700,2019-08-17 20:31:18.627 -0700,1,3,true,"",12,false,73,257,false
152,1,2019-08-17 20:31:19.883 -0700,2019-08-17 20:31:39.160 -0700,1,3,true,"",12,false,74,260,false
153,1,2019-08-17 20:31:40.568 -0700,2019-08-17 20:32:03.775 -0700,1,3,true,"",12,false,75,265,false
154,1,2019-08-17 20:32:24.992 -0700,2019-08-17 20:32:52.597 -0700,1,3,true,"",12,false,76,269,false
155,1,2019-08-17 20:32:54.144 -0700,2019-08-17 20:33:10.300 -0700,1,3,true,"",12,false,77,274,false
156,1,2019-08-17 20:33:12.125 -0700,2019-08-17 20:33:26.729 -0700,1,3,true,"",12,false,78,275,false
157,1,2019-08-17 20:33:28.504 -0700,2019-08-17 20:33:45.604 -0700,1,3,true,"",12,false,79,281,false
158,1,2019-08-17 20:33:47.033 -0700,2019-08-17 20:34:07.216 -0700,1,3,true,"",12,false,80,285,false
159,1,2019-08-17 20:34:08.986 -0700,2019-08-17 20:34:47.245 -0700,1,3,true,"",12,false,81,288,false
160,1,2019-08-17 20:34:49.527 -0700,2019-08-17 20:35:11.413 -0700,1,3,true,"",12,false,82,294,false
161,1,2019-08-17 20:35:12.813 -0700,2019-08-17 20:35:40.705 -0700,1,3,true,"",12,false,83,297,false
162,2,2019-08-17 20:35:42.021 -0700,2019-08-17 20:36:09.180 -0700,1,3,true,"",12,false,84,302,false
163,1,2019-08-17 20:36:15.755 -0700,2019-08-17 20:36:35.376 -0700,1,3,true,"",12,false,85,305,false
164,1,2019-08-17 20:36:36.753 -0700,2019-08-17 20:41:35.945 -0700,1,3,true,"",12,false,86,307,false
165,1,2019-08-17 20:41:37.617 -0700,2019-08-17 20:42:16.900 -0700,1,3,true,"",12,false,87,311,false
167,1,2019-08-20 00:00:47.614 -0700,2019-08-20 00:01:11.320 -0700,0,0,true,"",15,false,2,7,false
168,1,2019-08-20 00:01:14.844 -0700,2019-08-20 00:01:25.977 -0700,0,0,true,"",15,false,3,10,false
169,1,2019-08-20 00:01:28.130 -0700,2019-08-20 00:01:40.110 -0700,0,0,true,"",15,false,4,15,false
170,1,2019-08-20 00:01:41.865 -0700,2019-08-20 00:01:49.965 -0700,0,0,true,"",15,false,5,18,false
171,1,2019-08-20 00:01:51.692 -0700,2019-08-20 00:01:59.708 -0700,0,0,true,"",15,false,6,20,false
172,1,2019-08-20 00:02:01.750 -0700,2019-08-20 00:02:09.577 -0700,0,0,true,"",15,false,7,25,false
173,1,2019-08-20 00:02:10.909 -0700,2019-08-20 00:02:22.679 -0700,0,0,true,"",15,false,8,27,false
174,1,2019-08-20 00:02:24.976 -0700,2019-08-20 00:02:41.856 -0700,0,0,true,"",15,false,9,31,false
175,1,2019-08-20 00:02:51.685 -0700,2019-08-20 00:03:06.292 -0700,0,0,true,"",15,false,10,35,false
176,1,2019-08-20 00:03:07.751 -0700,2019-08-20 00:03:16.699 -0700,0,0,true,"",15,false,11,40,false
177,1,2019-08-20 00:03:17.872 -0700,2019-08-20 00:03:25.111 -0700,0,0,true,"",15,false,12,44,false
178,1,2019-08-20 00:03:26.525 -0700,2019-08-20 00:03:49.102 -0700,0,0,true,"",15,false,13,49,false
179,1,2019-08-20 00:03:50.849 -0700,2019-08-20 00:04:26.949 -0700,0,0,true,"",15,false,14,53,false
180,0,2019-08-20 00:04:29.001 -0700,2019-08-20 00:04:47.271 -0700,0,0,true,"",15,false,15,56,false
181,0,2019-08-20 00:04:48.526 -0700,2019-08-20 00:04:58.324 -0700,0,0,true,"",15,false,16,57,false
182,1,2019-08-20 00:04:59.871 -0700,2019-08-20 00:10:36.281 -0700,0,0,true,"",15,false,17,60,false
183,1,2019-08-20 00:10:38.494 -0700,2019-08-20 00:11:33.183 -0700,0,0,true,"",15,false,18,63,false
184,1,2019-08-20 00:11:39.738 -0700,2019-08-20 00:11:54.389 -0700,0,0,true,"",15,false,57,196,false
185,1,2019-08-20 00:11:56.476 -0700,2019-08-20 00:12:18.805 -0700,0,0,true,"",15,false,58,202,false
186,1,2019-08-20 00:12:20.938 -0700,2019-08-20 00:12:28.712 -0700,0,0,true,"",15,false,59,206,false
187,1,2019-08-20 00:12:30.342 -0700,2019-08-20 00:12:54.638 -0700,0,0,true,"",15,false,60,209,false
188,1,2019-08-20 00:12:56.025 -0700,2019-08-20 00:13:27.825 -0700,0,0,false,"",15,false,61,213,false
189,1,2019-08-20 00:13:40.370 -0700,2019-08-20 00:14:21.733 -0700,0,0,true,"",15,false,62,217,false
190,1,2019-08-20 00:14:24.611 -0700,2019-08-20 00:14:45.639 -0700,0,0,true,"",15,false,63,219,false
191,0,2019-08-20 00:14:47.523 -0700,2019-08-20 00:14:53.614 -0700,0,0,true,"",15,false,64,223,false
192,1,2019-08-20 00:14:55.256 -0700,2019-08-20 00:15:32.852 -0700,0,0,true,"",15,false,65,227,false
193,1,2019-08-20 00:15:34.503 -0700,2019-08-20 00:16:56.180 -0700,0,0,true,"",15,false,66,229,false
194,1,2019-08-20 00:16:58.093 -0700,2019-08-20 00:18:14.909 -0700,0,0,true,"",15,false,67,231,false
195,1,2019-08-20 00:18:16.877 -0700,2019-08-20 00:18:41.187 -0700,0,0,true,"",15,false,68,235,false
196,1,2019-08-20 00:18:45.180 -0700,2019-08-20 00:18:59.580 -0700,0,0,true,"",15,false,69,241,false
197,1,2019-08-20 00:19:02.851 -0700,2019-08-20 00:19:11.450 -0700,0,0,true,"",15,false,70,244,false
198,1,2019-08-20 00:19:18.289 -0700,2019-08-20 00:19:30.147 -0700,0,0,true,"",15,false,71,248,false
199,1,2019-08-20 00:19:35.216 -0700,2019-08-20 00:20:42.938 -0700,0,0,true,"",15,false,72,251,false
200,1,2019-08-20 00:20:45.469 -0700,2019-08-20 00:21:24.987 -0700,0,0,true,"",15,false,73,257,false
201,1,2019-08-20 00:21:29.763 -0700,2019-08-20 00:21:47.945 -0700,0,0,true,"",15,false,74,260,false
202,1,2019-08-20 00:22:39.347 -0700,2019-08-20 00:23:08.316 -0700,0,0,true,"",15,false,19,66,false
203,0,2019-08-20 00:23:10.056 -0700,2019-08-20 00:23:22.744 -0700,0,0,true,"",15,false,20,70,false
204,1,2019-08-20 00:23:24.586 -0700,2019-08-20 00:25:27.171 -0700,0,0,true,"",15,false,21,73,false
205,1,2019-08-20 00:25:28.860 -0700,2019-08-20 00:25:51.716 -0700,0,0,true,"",15,false,22,74,false
206,0,2019-08-20 00:25:53.455 -0700,2019-08-20 00:26:18.156 -0700,0,0,true,"",15,false,23,80,false
207,1,2019-08-20 00:26:20.624 -0700,2019-08-20 00:26:28.786 -0700,0,0,true,"",15,false,24,82,false
208,1,2019-08-20 00:26:31.173 -0700,2019-08-20 00:26:47.982 -0700,0,0,true,"",15,false,25,87,false
209,1,2019-08-20 00:26:50.628 -0700,2019-08-20 00:26:56.288 -0700,0,0,true,"",15,false,26,91,false
210,1,2019-08-20 00:26:58.809 -0700,2019-08-20 00:27:29.222 -0700,0,0,true,"",15,false,27,95,false
211,1,2019-08-20 00:27:31.872 -0700,2019-08-20 00:27:43.954 -0700,0,0,true,"",15,false,28,99,false
212,1,2019-08-20 00:27:45.949 -0700,2019-08-20 00:28:38.478 -0700,0,0,true,"",15,false,29,104,false
213,1,2019-08-20 00:28:41.281 -0700,2019-08-20 00:29:10.273 -0700,0,0,true,"",15,false,30,106,false
214,1,2019-08-20 00:29:12.057 -0700,2019-08-20 00:30:53.257 -0700,0,0,true,"",15,false,31,110,false
215,0,2019-08-20 00:30:55.113 -0700,2019-08-20 00:31:04.123 -0700,0,0,true,"",15,false,32,112,false
216,1,2019-08-20 00:31:05.755 -0700,2019-08-20 00:31:19.233 -0700,0,0,true,"",15,false,33,113,false
217,1,2019-08-20 00:31:20.866 -0700,2019-08-20 00:31:29.129 -0700,0,0,true,"",15,false,34,115,false
218,1,2019-08-20 00:31:30.668 -0700,2019-08-20 00:31:42.468 -0700,0,0,true,"",15,false,35,117,false
219,1,2019-08-20 00:32:35.017 -0700,2019-08-20 00:32:44.550 -0700,0,0,true,"",15,false,36,121,false
220,1,2019-08-20 00:32:46.281 -0700,2019-08-20 00:33:02.047 -0700,0,0,true,"",15,false,37,126,false
221,1,2019-08-20 00:33:04.747 -0700,2019-08-20 00:33:10.795 -0700,0,0,true,"",15,false,38,128,false
222,1,2019-08-20 00:33:12.510 -0700,2019-08-20 00:33:18.329 -0700,0,0,true,"",15,false,39,132,false
223,1,2019-08-20 00:33:20.070 -0700,2019-08-20 00:33:30.806 -0700,0,0,true,"",15,false,40,136,false
224,1,2019-08-20 00:33:32.362 -0700,2019-08-20 00:34:06.712 -0700,0,0,true,"",15,false,41,141,false
225,1,2019-08-20 00:34:41.815 -0700,2019-08-20 00:34:55.990 -0700,0,0,true,"",15,false,42,145,false
226,2,2019-08-20 00:34:57.297 -0700,2019-08-20 00:35:19.565 -0700,0,0,true,"",15,false,43,148,false
227,1,2019-08-20 00:35:26.413 -0700,2019-08-20 00:36:05.167 -0700,0,0,true,"",15,false,44,151,false
228,1,2019-08-20 00:36:07.005 -0700,2019-08-20 00:36:23.268 -0700,0,0,true,"",15,false,45,156,false
229,0,2019-08-20 00:36:25.053 -0700,2019-08-20 00:36:39.340 -0700,0,0,false,"",15,false,46,159,false
230,1,2019-08-20 00:36:52.381 -0700,2019-08-20 00:37:54.739 -0700,0,0,true,"",15,false,47,160,false
231,2,2019-08-20 00:37:57.285 -0700,2019-08-20 00:38:26.869 -0700,0,0,true,"",15,false,48,163,false
232,1,2019-08-20 00:38:28.754 -0700,2019-08-20 00:38:40.840 -0700,0,0,true,"",15,false,49,167,false
233,0,2019-08-20 00:38:42.562 -0700,2019-08-20 00:38:48.689 -0700,0,0,true,"",15,false,50,169,false
234,1,2019-08-20 00:38:50.172 -0700,2019-08-20 00:39:43.053 -0700,0,0,true,"",15,false,51,173,false
235,1,2019-08-20 00:39:44.856 -0700,2019-08-20 00:39:55.951 -0700,0,0,true,"",15,false,52,176,false
236,1,2019-08-20 00:39:57.587 -0700,2019-08-20 00:40:04.945 -0700,0,0,true,"",15,false,53,180,false
237,0,2019-08-20 00:40:06.520 -0700,2019-08-20 00:42:05.567 -0700,0,0,true,"",15,false,54,185,false
238,1,2019-08-20 00:42:07.696 -0700,2019-08-20 00:42:56.888 -0700,0,0,true,"",15,false,55,189,false
239,1,2019-08-20 00:42:59.395 -0700,2019-08-20 00:43:12.474 -0700,0,0,true,"",15,false,56,194,false
240,1,2019-08-20 00:43:23.242 -0700,2019-08-20 00:43:41.453 -0700,0,0,true,"",15,false,75,265,false
241,1,2019-08-20 00:45:42.923 -0700,2019-08-20 00:45:54.200 -0700,0,0,false,"",15,false,76,268,false
242,1,2019-08-20 00:46:40.877 -0700,2019-08-20 00:47:20.958 -0700,0,0,true,"",15,false,77,274,false
243,1,2019-08-20 00:47:24.798 -0700,2019-08-20 00:47:36.488 -0700,0,0,true,"",15,false,78,275,false
244,1,2019-08-20 00:47:38.644 -0700,2019-08-20 00:49:22.880 -0700,0,0,true,"",15,false,79,281,false
245,1,2019-08-20 00:49:27.487 -0700,2019-08-20 00:49:46.146 -0700,0,0,true,"",15,false,80,285,false
246,1,2019-08-20 00:49:49.207 -0700,2019-08-20 00:49:58.727 -0700,0,0,true,"",15,false,81,288,false
247,1,2019-08-20 00:50:23.005 -0700,2019-08-20 00:50:46.753 -0700,0,0,true,"",15,false,82,294,false
248,1,2019-08-20 00:50:49.573 -0700,2019-08-20 00:51:30.149 -0700,0,0,true,"",15,false,83,297,false
249,1,2019-08-20 00:51:32.208 -0700,2019-08-20 00:51:42.748 -0700,0,0,true,"",15,false,84,302,false
250,1,2019-08-20 00:51:53.600 -0700,2019-08-20 00:52:34.846 -0700,0,0,true,"",15,false,85,305,false
251,1,2019-08-20 00:52:38.000 -0700,2019-08-20 00:52:59.501 -0700,0,0,true,"",15,false,86,307,false
252,1,2019-08-20 00:53:02.331 -0700,2019-08-20 00:53:55.734 -0700,0,0,true,"",15,false,87,311,false
254,1,2019-08-21 00:54:32.408 -0700,2019-08-21 00:54:46.629 -0700,1,3,true,"",16,false,2,7,false
255,1,2019-08-21 00:54:49.835 -0700,2019-08-21 00:55:05.218 -0700,1,3,true,"",16,false,3,10,false
256,1,2019-08-21 00:55:07.467 -0700,2019-08-21 00:55:22.787 -0700,1,3,true,"",16,false,4,15,false
257,1,2019-08-21 00:55:25.423 -0700,2019-08-21 00:55:34.387 -0700,2,2,false,"",16,false,5,17,false
258,1,2019-08-21 00:55:52.485 -0700,2019-08-21 00:56:10.538 -0700,2,3,true,"",16,false,6,20,false
259,1,2019-08-21 00:56:12.433 -0700,2019-08-21 00:56:26.456 -0700,2,3,true,"",16,false,7,25,false
260,1,2019-08-21 00:56:29.592 -0700,2019-08-21 00:56:53.719 -0700,2,3,true,"",16,false,8,27,false
261,1,2019-08-21 00:56:56.529 -0700,2019-08-21 00:57:15.352 -0700,2,3,true,"",16,false,9,31,false
262,1,2019-08-21 00:57:17.273 -0700,2019-08-21 00:57:40.396 -0700,2,3,true,"",16,false,10,35,false
263,1,2019-08-21 00:57:41.939 -0700,2019-08-21 00:58:19.976 -0700,2,3,true,"",16,false,11,40,false
264,1,2019-08-21 00:58:21.486 -0700,2019-08-21 00:58:55.193 -0700,2,3,true,"",16,false,12,44,false
265,1,2019-08-21 00:58:57.626 -0700,2019-08-21 00:59:20.795 -0700,2,3,true,"",16,false,13,49,false
266,1,2019-08-21 01:08:49.764 -0700,2019-08-21 01:09:27.949 -0700,2,3,true,"",16,false,14,53,false
267,1,2019-08-21 01:10:32.670 -0700,2019-08-21 01:10:56.443 -0700,1,3,true,"",18,false,2,7,false
268,1,2019-08-21 02:36:28.187 -0700,2019-08-21 02:36:47.485 -0700,1,3,true,"",20,false,2,7,false
269,1,2019-08-21 02:36:54.452 -0700,2019-08-21 02:37:23.554 -0700,0,0,true,"",20,false,3,10,false
270,1,2019-08-21 02:37:27.153 -0700,2019-08-21 02:37:47.110 -0700,0,0,false,"",20,false,4,16,false
271,1,2019-08-21 02:38:17.423 -0700,2019-08-21 02:38:23.002 -0700,0,0,true,"",20,false,5,18,false
272,1,2019-08-21 02:38:28.748 -0700,2019-08-21 02:38:41.967 -0700,0,0,true,"",20,false,6,20,false
273,1,2019-08-21 02:38:44.159 -0700,2019-08-21 02:39:10.587 -0700,0,0,true,"",20,false,7,25,false
274,1,2019-08-21 02:39:13.063 -0700,2019-08-21 02:39:22.465 -0700,0,0,true,"",20,false,8,27,false
275,1,2019-08-21 02:39:25.069 -0700,2019-08-21 02:39:37.001 -0700,0,0,true,"",20,false,9,31,false
276,1,2019-08-21 02:39:38.718 -0700,2019-08-21 02:39:54.945 -0700,0,0,true,"",20,false,10,35,false
277,1,2019-08-21 02:39:57.260 -0700,2019-08-21 02:40:38.343 -0700,0,0,true,"",20,false,11,40,false
278,1,2019-08-21 02:40:40.777 -0700,2019-08-21 02:51:00.842 -0700,0,0,true,"",20,false,12,44,false
279,1,2019-08-21 02:51:04.272 -0700,2019-08-21 02:52:24.554 -0700,0,0,true,"",20,false,13,49,false
280,1,2019-08-21 02:52:26.526 -0700,2019-08-21 02:53:42.963 -0700,0,0,true,"",20,false,14,53,false
281,1,2019-08-21 02:53:50.732 -0700,2019-08-21 02:54:31.682 -0700,0,0,true,"",20,false,15,56,false
282,1,2019-08-21 02:54:34.010 -0700,2019-08-21 02:54:47.675 -0700,0,0,true,"",20,false,16,57,false
283,1,2019-08-21 02:54:49.739 -0700,2019-08-21 02:55:00.375 -0700,0,0,false,"",20,false,17,59,false
284,1,2019-08-21 02:55:10.323 -0700,2019-08-21 02:55:39.545 -0700,0,0,true,"",20,false,18,63,false
285,1,2019-08-21 02:55:41.770 -0700,2019-08-21 02:55:47.736 -0700,0,0,true,"",20,false,19,66,false
286,1,2019-08-21 02:55:49.933 -0700,2019-08-21 02:56:01.051 -0700,0,0,true,"",20,false,20,70,false
287,1,2019-08-21 02:57:11.195 -0700,2019-08-21 02:57:34.622 -0700,1,3,true,"",22,false,2,7,false
288,1,2019-08-21 02:56:02.865 -0700,2019-08-21 02:57:56.056 -0700,0,0,true,"",20,false,21,73,false
289,1,2019-08-21 02:57:38.191 -0700,2019-08-21 02:58:00.854 -0700,1,3,true,"",22,false,3,10,false
290,1,2019-08-21 02:57:57.715 -0700,2019-08-21 02:58:13.617 -0700,0,0,true,"",20,false,22,74,false
291,1,2019-08-21 02:58:04.290 -0700,2019-08-21 02:58:27.616 -0700,1,3,true,"",22,false,4,15,false
292,1,2019-08-21 02:58:14.875 -0700,2019-08-21 02:58:28.068 -0700,0,0,true,"",20,false,23,80,false
293,1,2019-08-21 02:58:30.459 -0700,2019-08-21 02:58:35.822 -0700,0,0,true,"",20,false,24,82,false
294,1,2019-08-21 02:58:38.273 -0700,2019-08-21 02:58:48.391 -0700,0,0,true,"",20,false,25,87,false
295,1,2019-08-21 02:58:30.762 -0700,2019-08-21 02:58:54.738 -0700,2,2,true,"",22,false,5,18,false
296,1,2019-08-21 02:58:50.404 -0700,2019-08-21 02:58:59.232 -0700,0,0,true,"",20,false,26,91,false
297,1,2019-08-21 02:59:01.037 -0700,2019-08-21 02:59:20.881 -0700,1,3,true,"",22,false,6,20,false
298,1,2019-08-21 02:59:01.315 -0700,2019-08-21 02:59:23.430 -0700,0,0,true,"",20,false,27,95,false
299,1,2019-08-21 02:59:25.561 -0700,2019-08-21 02:59:36.591 -0700,0,0,true,"",20,false,28,99,false
300,1,2019-08-21 02:59:23.536 -0700,2019-08-21 02:59:42.003 -0700,1,3,true,"",22,false,7,25,false
301,1,2019-08-21 02:59:44.845 -0700,2019-08-21 03:00:02.145 -0700,0,0,true,"",22,false,8,27,false
302,1,2019-08-21 02:59:38.144 -0700,2019-08-21 03:00:41.052 -0700,0,0,true,"",20,false,29,104,false
303,1,2019-08-21 03:00:06.421 -0700,2019-08-21 03:01:00.904 -0700,0,0,true,"",22,false,9,31,false
304,1,2019-08-21 03:01:03.694 -0700,2019-08-21 03:01:19.215 -0700,0,0,true,"",22,false,10,35,false
305,1,2019-08-21 03:01:21.994 -0700,2019-08-21 03:01:35.715 -0700,0,0,true,"",22,false,11,40,false
306,1,2019-08-21 03:00:42.893 -0700,2019-08-21 03:01:41.945 -0700,0,0,true,"",20,false,30,106,false
307,1,2019-08-21 03:01:44.131 -0700,2019-08-21 03:01:54.687 -0700,0,0,true,"",20,false,31,110,false
308,1,2019-08-21 03:01:56.413 -0700,2019-08-21 03:02:03.912 -0700,0,0,false,"",20,false,32,111,false
309,1,2019-08-21 03:01:38.063 -0700,2019-08-21 03:02:33.988 -0700,0,0,true,"",22,false,12,44,false
310,1,2019-08-21 03:02:36.767 -0700,2019-08-21 03:03:07.787 -0700,0,0,true,"",22,false,13,49,false
311,1,2019-08-21 03:02:48.158 -0700,2019-08-21 03:03:22.997 -0700,0,0,true,"",20,false,33,113,false
312,1,2019-08-21 03:02:50.732 -0700,2019-08-21 03:03:28.320 -0700,1,3,true,"",23,false,2,7,false
313,1,2019-08-21 03:03:24.703 -0700,2019-08-21 03:03:35.505 -0700,0,0,true,"",20,false,34,115,false
314,1,2019-08-21 03:03:37.335 -0700,2019-08-21 03:03:47.822 -0700,0,0,true,"",20,false,35,117,false
315,1,2019-08-21 03:03:36.596 -0700,2019-08-21 03:04:09.255 -0700,1,3,true,"",23,false,3,10,false
316,1,2019-08-21 03:04:13.869 -0700,2019-08-21 03:04:39.368 -0700,1,3,true,"",23,false,4,15,false
317,1,2019-08-21 03:03:10.024 -0700,2019-08-21 03:04:53.392 -0700,0,0,true,"",22,false,14,53,false
318,1,2019-08-21 03:04:43.391 -0700,2019-08-21 03:05:22.682 -0700,1,3,true,"",23,false,5,18,false
319,1,2019-08-21 03:05:01.351 -0700,2019-08-21 03:05:45.519 -0700,0,0,true,"",22,false,15,56,false
320,1,2019-08-21 03:05:48.462 -0700,2019-08-21 03:06:12.301 -0700,0,0,true,"",22,false,16,57,false
321,1,2019-08-21 03:06:35.871 -0700,2019-08-21 03:06:40.802 -0700,0,0,true,"",22,false,17,60,false
322,1,2019-08-21 03:05:36.090 -0700,2019-08-21 03:06:45.157 -0700,2,3,true,"",23,true,6,20,false
323,1,2019-08-21 03:06:42.801 -0700,2019-08-21 03:07:04.714 -0700,0,0,true,"",22,false,18,63,false
324,1,2019-08-21 03:06:49.177 -0700,2019-08-21 03:07:16.303 -0700,1,3,true,"",23,false,7,25,false
325,1,2019-08-21 03:07:07.227 -0700,2019-08-21 03:07:23.396 -0700,0,0,true,"",22,false,19,66,false
326,1,2019-08-21 03:07:25.920 -0700,2019-08-21 03:07:54.189 -0700,0,0,true,"",22,false,20,70,false
327,1,2019-08-21 03:07:19.923 -0700,2019-08-21 03:07:54.525 -0700,1,3,true,"",23,false,8,27,false
328,1,2019-08-21 03:07:59.341 -0700,2019-08-21 03:08:29.787 -0700,1,3,true,"",23,false,9,31,false
329,1,2019-08-21 03:07:58.376 -0700,2019-08-21 03:08:42.986 -0700,0,0,true,"",22,false,21,73,false
330,1,2019-08-21 03:08:33.609 -0700,2019-08-21 03:09:14.015 -0700,1,3,true,"",23,false,10,35,false
331,1,2019-08-21 03:08:45.989 -0700,2019-08-21 03:09:35.611 -0700,0,0,true,"",22,false,22,74,false
332,1,2019-08-21 03:09:18.936 -0700,2019-08-21 03:09:47.889 -0700,1,3,true,"",23,false,11,40,false
333,1,2019-08-21 03:09:54.339 -0700,2019-08-21 03:10:25.780 -0700,1,3,true,"",23,false,12,44,false
334,3,2019-08-21 03:09:38.988 -0700,2019-08-21 03:10:27.566 -0700,0,0,true,"",22,false,23,80,false
335,1,2019-08-21 03:10:32.536 -0700,2019-08-21 03:10:45.948 -0700,0,0,true,"",22,false,24,82,false
336,1,2019-08-21 03:10:51.733 -0700,2019-08-21 03:11:08.338 -0700,0,0,true,"",22,false,25,87,false
337,1,2019-08-21 03:10:33.129 -0700,2019-08-21 03:11:15.581 -0700,1,3,true,"",23,false,13,49,false
338,1,2019-08-21 03:11:12.145 -0700,2019-08-21 03:11:23.282 -0700,0,0,true,"",22,false,26,91,false
339,1,2019-08-21 03:11:24.055 -0700,2019-08-21 03:13:14.267 -0700,1,3,true,"",23,false,14,53,false
340,1,2019-08-21 03:13:37.459 -0700,2019-08-21 03:13:57.467 -0700,0,0,true,"",25,false,2,7,false
341,1,2019-08-21 03:13:21.847 -0700,2019-08-21 03:14:18.301 -0700,1,0,true,"",23,false,15,56,false
342,1,2019-08-21 03:14:30.463 -0700,2019-08-21 03:14:41.882 -0700,0,0,true,"",25,false,57,196,false
343,1,2019-08-21 03:14:23.148 -0700,2019-08-21 03:14:46.255 -0700,1,3,true,"",23,false,16,57,false
344,1,2019-08-21 03:14:51.249 -0700,2019-08-21 03:15:24.452 -0700,1,3,true,"",23,false,17,60,false
345,1,2019-08-21 03:14:51.249 -0700,2019-08-21 03:15:25.019 -0700,1,3,true,"",23,false,17,60,false
346,1,2019-08-21 03:11:37.975 -0700,2019-08-21 03:15:56.706 -0700,0,0,true,"",22,false,27,95,false
347,1,2019-08-21 03:15:28.817 -0700,2019-08-21 03:16:01.467 -0700,1,3,true,"",23,false,18,63,false
348,1,2019-08-21 03:15:59.735 -0700,2019-08-21 03:16:25.257 -0700,0,0,true,"",22,false,28,99,false
349,1,2019-08-21 03:16:05.180 -0700,2019-08-21 03:16:31.267 -0700,1,3,true,"",23,false,19,66,false
350,1,2019-08-21 03:16:28.296 -0700,2019-08-21 03:17:00.279 -0700,0,0,true,"",22,false,29,104,false
351,1,2019-08-21 03:16:35.114 -0700,2019-08-21 03:17:09.386 -0700,1,3,true,"",23,false,20,70,false
352,1,2019-08-21 03:17:13.743 -0700,2019-08-21 03:17:54.723 -0700,1,3,true,"",23,false,21,73,false
353,1,2019-08-21 03:17:59.592 -0700,2019-08-21 03:18:33.668 -0700,1,3,true,"",23,false,22,74,false
354,1,2019-08-21 03:17:03.011 -0700,2019-08-21 03:19:17.893 -0700,0,0,true,"",22,false,30,106,false
355,1,2019-08-21 03:19:15.571 -0700,2019-08-21 03:19:36.408 -0700,1,3,true,"",23,false,36,121,false
356,1,2019-08-21 03:19:40.771 -0700,2019-08-21 03:20:05.688 -0700,1,3,true,"",23,false,37,126,false
357,1,2019-08-21 03:19:21.256 -0700,2019-08-21 03:20:08.530 -0700,0,0,true,"",22,false,31,110,false
358,1,2019-08-21 03:20:09.758 -0700,2019-08-21 03:20:25.581 -0700,1,3,true,"",23,false,38,128,false
359,1,2019-08-21 03:20:12.524 -0700,2019-08-21 03:20:28.503 -0700,0,0,true,"",22,false,32,112,false
360,1,2019-08-21 03:20:32.152 -0700,2019-08-21 03:20:44.754 -0700,1,3,true,"",23,false,39,132,false
361,2,2019-08-21 03:20:50.365 -0700,2019-08-21 03:21:24.182 -0700,1,3,true,"",23,false,40,136,false
362,1,2019-08-21 03:21:29.186 -0700,2019-08-21 03:22:02.281 -0700,2,2,true,"",23,false,41,141,false
363,1,2019-08-21 03:20:32.441 -0700,2019-08-21 03:22:57.265 -0700,0,0,true,"",22,false,33,113,false
364,2,2019-08-21 03:22:06.805 -0700,2019-08-21 03:23:15.035 -0700,0,0,true,"",23,false,42,145,false
365,1,2019-08-21 03:23:00.422 -0700,2019-08-21 03:23:17.096 -0700,0,0,true,"",22,false,34,115,false
366,1,2019-08-21 03:23:23.617 -0700,2019-08-21 03:23:39.916 -0700,0,0,true,"",23,false,43,148,false
367,1,2019-08-21 03:23:20.715 -0700,2019-08-21 03:23:52.396 -0700,0,0,true,"",22,false,35,117,false
368,1,2019-08-21 03:24:11.343 -0700,2019-08-21 03:24:22.248 -0700,0,0,true,"",22,false,36,121,false
369,1,2019-08-21 03:24:24.727 -0700,2019-08-21 03:24:39.915 -0700,0,0,true,"",22,false,37,126,false
370,3,2019-08-21 03:23:43.894 -0700,2019-08-21 03:24:44.453 -0700,0,0,true,"",23,false,44,151,false
371,1,2019-08-21 03:24:42.739 -0700,2019-08-21 03:24:56.430 -0700,0,0,true,"",22,false,38,128,false
372,1,2019-08-21 03:24:52.088 -0700,2019-08-21 03:25:18.012 -0700,0,0,true,"",23,false,45,156,false
373,1,2019-08-21 03:25:00.829 -0700,2019-08-21 03:25:22.169 -0700,0,0,true,"",22,false,39,132,false
374,1,2019-08-21 03:25:25.865 -0700,2019-08-21 03:25:50.561 -0700,0,0,true,"",22,false,40,136,false
375,1,2019-08-21 03:25:53.892 -0700,2019-08-21 03:26:09.217 -0700,0,0,true,"",22,false,41,141,false
376,3,2019-08-21 03:25:21.507 -0700,2019-08-21 03:27:06.988 -0700,0,0,false,"",23,false,46,157,false
377,1,2019-08-21 03:27:36.261 -0700,2019-08-21 03:28:14.386 -0700,0,0,true,"",23,false,47,160,false
378,1,2019-08-21 03:26:12.236 -0700,2019-08-21 03:33:16.886 -0700,0,0,true,"",22,false,42,145,false
379,1,2019-08-21 03:33:20.265 -0700,2019-08-21 03:33:37.772 -0700,0,0,true,"",22,false,43,148,false
380,3,2019-08-21 03:33:40.485 -0700,2019-08-21 03:34:05.682 -0700,0,0,true,"",22,false,44,151,false
381,1,2019-08-21 03:34:08.229 -0700,2019-08-21 03:35:22.175 -0700,0,0,true,"",22,false,45,156,false
382,2,2019-08-21 03:35:27.551 -0700,2019-08-21 03:35:50.951 -0700,0,0,true,"",22,false,46,158,false
383,1,2019-08-21 03:35:53.697 -0700,2019-08-21 03:36:33.150 -0700,0,0,true,"",22,false,47,160,false
384,0,2019-08-21 03:36:36.512 -0700,2019-08-21 03:37:22.674 -0700,0,0,true,"",22,false,48,163,false
385,3,2019-08-21 03:37:25.233 -0700,2019-08-21 03:54:28.483 -0700,0,0,true,"",22,false,49,167,false
386,1,2019-08-21 03:54:31.507 -0700,2019-08-21 03:54:42.726 -0700,0,0,true,"",22,false,50,169,false
387,1,2019-08-21 03:54:45.754 -0700,2019-08-21 03:55:57.062 -0700,0,0,true,"",22,false,51,173,false
388,1,2019-08-21 03:56:02.859 -0700,2019-08-21 03:56:10.486 -0700,0,0,true,"",22,false,52,176,false
389,1,2019-08-21 03:56:14.649 -0700,2019-08-21 03:56:26.524 -0700,0,0,true,"",22,false,53,180,false
390,1,2019-08-21 04:02:54.212 -0700,2019-08-21 04:03:25.060 -0700,0,0,true,"",22,false,54,185,false
391,4,2019-08-21 04:03:32.448 -0700,2019-08-21 04:06:07.782 -0700,0,1,true,"",22,false,55,189,false
392,1,2019-08-21 04:13:01.272 -0700,2019-08-21 04:15:47.534 -0700,0,0,true,"",22,false,56,194,false
393,1,2019-08-21 04:15:59.798 -0700,2019-08-21 04:16:09.668 -0700,0,0,true,"",22,false,57,196,false
394,1,2019-08-21 04:16:12.557 -0700,2019-08-21 04:16:21.625 -0700,0,0,false,"",22,false,58,203,false
395,1,2019-08-21 04:18:05.374 -0700,2019-08-21 04:18:15.525 -0700,0,0,true,"",22,false,59,206,false
396,1,2019-08-21 04:18:19.491 -0700,2019-08-21 04:36:42.780 -0700,0,0,true,"",22,false,60,209,false
397,1,2019-08-21 04:36:45.258 -0700,2019-08-21 04:37:29.784 -0700,0,0,true,"",22,false,61,214,false
398,1,2019-08-21 04:37:34.992 -0700,2019-08-21 04:38:08.020 -0700,0,0,true,"",22,false,62,217,false
399,1,2019-08-21 04:38:10.935 -0700,2019-08-21 04:38:28.057 -0700,0,0,true,"",22,false,63,219,false
400,1,2019-08-21 04:38:30.713 -0700,2019-08-21 04:38:39.682 -0700,0,0,true,"",22,false,64,223,false
401,1,2019-08-21 04:38:43.832 -0700,2019-08-21 04:39:23.067 -0700,0,0,true,"",22,false,65,227,false
402,1,2019-08-21 04:39:25.745 -0700,2019-08-21 04:40:12.538 -0700,0,0,false,"",22,false,66,228,false
403,1,2019-08-21 04:40:17.945 -0700,2019-08-21 04:41:25.482 -0700,0,0,true,"",22,false,67,231,false
404,1,2019-08-21 04:41:28.233 -0700,2019-08-21 04:41:46.689 -0700,0,0,true,"",22,false,68,235,false
405,1,2019-08-21 04:41:49.526 -0700,2019-08-21 04:42:04.713 -0700,0,0,true,"",22,false,69,241,false
406,1,2019-08-21 04:42:08.607 -0700,2019-08-21 04:42:18.406 -0700,0,0,true,"",22,false,70,244,false
407,1,2019-08-21 04:42:23.620 -0700,2019-08-21 04:42:48.870 -0700,0,0,true,"",22,false,71,248,false
408,1,2019-08-21 04:42:52.087 -0700,2019-08-21 04:43:20.073 -0700,0,0,true,"",22,false,72,251,false
409,1,2019-08-21 04:43:24.314 -0700,2019-08-21 04:44:14.970 -0700,0,0,true,"",22,false,73,257,false
410,1,2019-08-21 04:44:18.090 -0700,2019-08-21 04:48:54.049 -0700,0,0,true,"",22,false,74,260,false
411,1,2019-08-21 04:48:57.857 -0700,2019-08-21 04:49:21.783 -0700,0,0,true,"",22,false,75,265,false
412,2,2019-08-21 04:49:26.846 -0700,2019-08-21 04:50:13.452 -0700,0,0,true,"",22,false,76,269,false
413,1,2019-08-21 04:50:16.590 -0700,2019-08-21 04:52:49.691 -0700,0,0,true,"",22,false,77,274,false
414,1,2019-08-21 04:52:52.656 -0700,2019-08-21 04:53:46.007 -0700,0,0,true,"",22,false,78,275,false
415,1,2019-08-21 04:53:50.284 -0700,2019-08-21 04:55:18.817 -0700,0,0,true,"",22,false,79,281,false
416,1,2019-08-21 04:55:21.675 -0700,2019-08-21 04:55:37.367 -0700,0,0,true,"",22,false,80,285,false
417,1,2019-08-21 04:55:40.243 -0700,2019-08-21 04:56:05.597 -0700,0,0,true,"",22,false,81,288,false
418,1,2019-08-21 04:56:08.683 -0700,2019-08-21 04:57:19.550 -0700,0,0,true,"",22,false,82,294,false
419,1,2019-08-21 04:57:23.092 -0700,2019-08-21 04:58:10.318 -0700,0,0,true,"",22,false,83,297,false
420,1,2019-08-21 04:58:13.871 -0700,2019-08-21 04:58:35.954 -0700,0,0,true,"",22,false,84,302,false
421,1,2019-08-21 04:58:39.055 -0700,2019-08-21 04:59:31.918 -0700,0,0,true,"",22,false,85,305,false
422,1,2019-08-21 04:59:39.600 -0700,2019-08-21 05:00:27.791 -0700,0,0,true,"",22,false,86,307,false
423,1,2019-08-21 05:00:30.779 -0700,2019-08-21 05:01:29.488 -0700,0,0,true,"",22,false,87,311,false
424,2,2019-08-21 06:57:55.437 -0700,2019-08-21 06:58:14.143 -0700,0,0,false,"",25,false,58,201,false
425,1,2019-08-21 06:58:31.402 -0700,2019-08-21 06:58:40.737 -0700,0,0,true,"",25,false,59,206,false
426,1,2019-08-21 06:59:17.476 -0700,2019-08-21 06:59:28.380 -0700,0,0,true,"",25,false,3,10,false
427,1,2019-08-21 06:59:31.115 -0700,2019-08-21 06:59:40.815 -0700,0,0,false,"",25,false,4,13,false
428,1,2019-08-21 07:00:09.282 -0700,2019-08-21 07:00:15.267 -0700,0,0,true,"",25,false,5,18,false
429,1,2019-08-21 07:00:19.494 -0700,2019-08-21 07:00:39.040 -0700,0,0,true,"",25,false,6,20,false
430,1,2019-08-21 07:00:41.900 -0700,2019-08-21 07:00:51.678 -0700,0,0,true,"",25,false,7,25,false
431,1,2019-08-21 07:00:54.282 -0700,2019-08-21 07:01:05.637 -0700,0,0,true,"",25,false,8,27,false
432,1,2019-08-21 07:01:07.950 -0700,2019-08-21 07:02:50.611 -0700,0,0,true,"",25,false,9,31,false
433,1,2019-08-21 07:02:53.474 -0700,2019-08-21 07:03:04.698 -0700,0,0,true,"",25,false,10,35,false
434,1,2019-08-21 07:03:07.028 -0700,2019-08-21 07:03:26.223 -0700,0,0,true,"",25,false,11,40,false
435,1,2019-08-21 07:03:28.255 -0700,2019-08-21 07:03:39.032 -0700,0,0,true,"",25,false,12,44,false
436,1,2019-08-21 07:03:41.141 -0700,2019-08-21 07:03:53.609 -0700,0,0,false,"",25,false,13,48,false
437,1,2019-08-21 07:04:32.788 -0700,2019-08-21 07:05:20.355 -0700,0,0,true,"",25,false,14,53,false
438,1,2019-08-21 07:05:22.837 -0700,2019-08-21 07:05:40.740 -0700,0,0,true,"",25,false,15,56,false
439,1,2019-08-21 07:05:48.788 -0700,2019-08-21 07:06:04.199 -0700,0,0,true,"",25,false,16,57,false
440,1,2019-08-21 07:06:06.477 -0700,2019-08-21 07:07:30.577 -0700,0,0,true,"",25,false,17,60,false
441,1,2019-08-21 07:07:32.697 -0700,2019-08-21 07:07:45.399 -0700,0,0,true,"",25,false,18,63,false
442,1,2019-08-21 07:07:47.308 -0700,2019-08-21 07:08:12.801 -0700,0,0,true,"",25,false,19,66,false
443,1,2019-08-21 07:08:15.246 -0700,2019-08-21 07:08:27.920 -0700,0,0,true,"",25,false,20,70,false
444,1,2019-08-21 07:08:29.685 -0700,2019-08-21 07:08:44.109 -0700,0,0,true,"",25,false,21,73,false
445,1,2019-08-21 07:08:46.085 -0700,2019-08-21 07:09:01.044 -0700,0,0,true,"",25,false,22,74,false
446,1,2019-08-21 07:09:03.198 -0700,2019-08-21 07:09:15.820 -0700,0,0,true,"",25,false,23,80,false
447,1,2019-08-21 07:09:18.129 -0700,2019-08-21 07:09:23.436 -0700,0,0,true,"",25,false,24,82,false
448,1,2019-08-21 07:09:26.031 -0700,2019-08-21 07:09:41.898 -0700,0,0,true,"",25,false,25,87,false
449,1,2019-08-21 07:09:44.997 -0700,2019-08-21 07:09:55.655 -0700,0,0,true,"",25,false,26,91,false
450,1,2019-08-21 07:09:58.314 -0700,2019-08-21 07:10:31.624 -0700,0,0,true,"",25,false,27,95,false
451,1,2019-08-21 07:10:34.059 -0700,2019-08-21 07:10:51.987 -0700,0,0,true,"",25,false,28,99,false
452,1,2019-08-21 07:10:54.404 -0700,2019-08-21 07:11:16.864 -0700,0,0,true,"",25,false,29,104,false
453,1,2019-08-21 07:11:18.991 -0700,2019-08-21 07:11:47.424 -0700,0,0,true,"",25,false,30,106,false
454,1,2019-08-21 07:11:49.520 -0700,2019-08-21 07:12:02.226 -0700,0,0,false,"",25,false,31,109,false
455,1,2019-08-21 07:12:09.810 -0700,2019-08-21 07:12:36.452 -0700,0,0,false,"",25,false,32,111,false
456,1,2019-08-21 07:14:05.935 -0700,2019-08-21 07:14:11.556 -0700,0,0,true,"",25,false,33,113,false
457,2,2019-08-21 07:14:13.816 -0700,2019-08-21 07:14:42.383 -0700,0,0,true,"",25,false,34,115,false
458,1,2019-08-21 07:14:45.403 -0700,2019-08-21 07:15:21.969 -0700,0,0,true,"",25,false,35,117,false
459,1,2019-08-21 07:15:45.948 -0700,2019-08-21 07:15:54.337 -0700,0,0,true,"",25,false,36,121,false
460,1,2019-08-21 07:15:56.383 -0700,2019-08-21 07:16:15.620 -0700,0,0,true,"",25,false,37,126,false
461,1,2019-08-21 07:16:18.537 -0700,2019-08-21 07:16:24.506 -0700,0,0,true,"",25,false,38,128,false
462,1,2019-08-21 07:16:26.661 -0700,2019-08-21 07:16:43.250 -0700,0,0,true,"",25,false,39,132,false
463,1,2019-08-21 07:16:45.314 -0700,2019-08-21 07:16:54.078 -0700,0,0,true,"",25,false,40,136,false
464,1,2019-08-21 07:16:56.046 -0700,2019-08-21 07:17:06.972 -0700,0,0,true,"",25,false,41,141,false
465,1,2019-08-21 07:17:41.478 -0700,2019-08-21 07:18:48.132 -0700,0,0,true,"",25,false,42,145,false
466,1,2019-08-21 07:18:50.436 -0700,2019-08-21 07:18:57.387 -0700,0,0,true,"",25,false,43,148,false
467,1,2019-08-21 07:18:59.185 -0700,2019-08-21 07:19:22.115 -0700,0,0,true,"",25,false,44,151,false
468,1,2019-08-21 07:19:24.360 -0700,2019-08-21 07:19:30.181 -0700,0,0,true,"",25,false,45,156,false
469,2,2019-08-21 07:19:32.457 -0700,2019-08-21 07:19:46.378 -0700,0,0,true,"",25,false,46,158,false
470,2,2019-08-21 07:19:48.523 -0700,2019-08-21 07:20:19.378 -0700,0,0,true,"",25,false,47,160,false
471,1,2019-08-21 07:20:22.070 -0700,2019-08-21 07:20:36.750 -0700,0,0,true,"",25,false,48,163,false
472,1,2019-08-21 07:20:38.645 -0700,2019-08-21 07:20:47.782 -0700,0,0,true,"",25,false,49,167,false
473,1,2019-08-21 07:20:49.540 -0700,2019-08-21 07:20:54.732 -0700,0,0,true,"",25,false,50,169,false
474,3,2019-08-21 07:20:56.650 -0700,2019-08-21 07:21:11.179 -0700,0,0,false,"",25,false,51,175,false
475,1,2019-08-21 07:21:16.979 -0700,2019-08-21 07:21:26.898 -0700,0,0,true,"",25,false,52,176,false
476,1,2019-08-21 07:21:36.166 -0700,2019-08-21 07:21:46.760 -0700,0,0,true,"",25,false,53,180,false
477,1,2019-08-21 07:21:48.912 -0700,2019-08-21 07:22:04.887 -0700,0,0,true,"",25,false,54,185,false
478,2,2019-08-21 07:22:07.582 -0700,2019-08-21 07:22:16.637 -0700,0,0,false,"",25,false,55,188,false
479,1,2019-08-21 07:22:21.566 -0700,2019-08-21 07:22:30.608 -0700,0,0,false,"",25,false,56,192,false
480,2,2019-08-21 07:22:47.524 -0700,2019-08-21 07:23:02.860 -0700,0,0,false,"",25,false,60,210,false
481,1,2019-08-21 07:23:07.478 -0700,2019-08-21 07:23:16.427 -0700,0,0,false,"",25,false,61,212,false
482,1,2019-08-21 07:23:23.837 -0700,2019-08-21 07:23:52.119 -0700,0,0,true,"",25,false,62,217,false
483,1,2019-08-21 07:23:54.570 -0700,2019-08-21 07:24:03.690 -0700,0,0,true,"",25,false,63,219,false
484,1,2019-08-21 07:24:05.910 -0700,2019-08-21 07:24:12.924 -0700,0,0,true,"",25,false,64,223,false
485,1,2019-08-21 07:33:47.275 -0700,2019-08-21 07:34:18.901 -0700,2,2,false,"",36,false,2,8,false
486,1,2019-08-21 07:34:46.121 -0700,2019-08-21 07:35:01.373 -0700,1,3,true,"",36,false,3,10,false
487,2,2019-08-21 07:35:05.585 -0700,2019-08-21 07:35:29.350 -0700,1,3,true,"",36,false,4,15,false
488,1,2019-08-21 07:35:59.358 -0700,2019-08-21 07:36:17.105 -0700,1,3,true,"",36,false,57,196,false
489,1,2019-08-21 07:24:14.994 -0700,2019-08-21 09:20:02.789 -0700,0,0,false,"",25,false,65,226,false
490,1,2019-08-21 09:20:25.123 -0700,2019-08-21 09:24:39.466 -0700,0,0,true,"",25,false,66,229,false
491,1,2019-08-21 09:24:41.639 -0700,2019-08-21 09:25:03.257 -0700,0,0,true,"",25,false,67,231,false
492,1,2019-08-21 09:25:11.687 -0700,2019-08-21 09:25:45.418 -0700,0,0,true,"",25,false,68,235,false
493,1,2019-08-21 09:25:51.281 -0700,2019-08-21 09:26:02.182 -0700,0,0,true,"",25,false,69,241,false
494,1,2019-08-21 09:26:07.269 -0700,2019-08-21 09:26:20.326 -0700,0,0,true,"",25,false,70,244,false
495,1,2019-08-21 09:26:26.111 -0700,2019-08-21 09:26:41.300 -0700,0,0,true,"",25,false,71,248,false
496,2,2019-08-21 09:26:46.414 -0700,2019-08-21 09:27:20.327 -0700,0,0,true,"",25,false,72,251,false
497,1,2019-08-21 09:27:26.090 -0700,2019-08-21 09:28:23.273 -0700,0,0,true,"",25,false,73,257,false
498,1,2019-08-21 09:28:28.462 -0700,2019-08-21 09:28:51.998 -0700,0,0,true,"",25,false,74,260,false
499,1,2019-08-21 17:23:38.698 -0700,2019-08-21 17:24:12.859 -0700,2,2,false,"",42,false,2,8,false
500,1,2019-08-21 17:24:29.154 -0700,2019-08-21 17:25:53.831 -0700,1,3,true,"",42,false,3,10,false
501,1,2019-08-21 17:25:56.602 -0700,2019-08-21 17:26:06.856 -0700,0,0,false,"",42,false,4,13,false
502,1,2019-08-21 17:26:22.466 -0700,2019-08-21 17:26:37.993 -0700,0,0,false,"",42,false,5,17,false
503,1,2019-08-21 17:26:44.456 -0700,2019-08-21 17:27:11.157 -0700,0,0,true,"",42,false,6,20,false
504,1,2019-08-21 17:27:14.768 -0700,2019-08-21 17:27:29.273 -0700,0,0,true,"",42,false,7,25,false
505,1,2019-08-21 17:27:32.093 -0700,2019-08-21 17:27:49.214 -0700,0,0,true,"",42,false,8,27,false
506,1,2019-08-21 17:27:52.012 -0700,2019-08-21 17:28:10.368 -0700,0,0,true,"",42,false,9,31,false
507,1,2019-08-21 17:28:12.701 -0700,2019-08-21 17:28:28.797 -0700,0,0,true,"",42,false,10,35,false
508,1,2019-08-21 17:28:30.860 -0700,2019-08-21 17:28:46.347 -0700,0,0,true,"",42,false,11,40,false
509,1,2019-08-21 17:28:48.928 -0700,2019-08-21 17:29:03.861 -0700,0,0,true,"",42,false,12,44,false
510,1,2019-08-21 17:29:06.079 -0700,2019-08-21 17:29:19.591 -0700,0,0,true,"",42,false,13,49,false
511,1,2019-08-21 17:29:21.630 -0700,2019-08-21 17:30:01.248 -0700,0,0,true,"",42,false,14,53,false
512,1,2019-08-21 17:30:03.981 -0700,2019-08-21 17:30:22.160 -0700,0,0,true,"",42,false,15,56,false
513,1,2019-08-21 17:30:46.987 -0700,2019-08-21 17:30:53.936 -0700,0,0,true,"",42,false,16,57,false
514,1,2019-08-21 17:31:10.782 -0700,2019-08-21 17:31:17.807 -0700,0,0,true,"",42,false,17,60,false
515,1,2019-08-21 17:31:19.943 -0700,2019-08-21 17:31:37.327 -0700,0,0,true,"",42,false,18,63,false
516,1,2019-08-21 17:31:39.943 -0700,2019-08-21 17:31:48.706 -0700,0,0,true,"",42,false,19,66,false
517,1,2019-08-21 17:31:50.998 -0700,2019-08-21 17:32:02.143 -0700,0,0,true,"",42,false,20,70,false
518,1,2019-08-21 17:32:03.765 -0700,2019-08-21 17:32:27.671 -0700,0,0,true,"",42,false,21,73,false
519,1,2019-08-21 17:32:29.942 -0700,2019-08-21 17:32:49.127 -0700,0,0,true,"",42,false,22,74,false
520,1,2019-08-21 17:32:51.615 -0700,2019-08-21 17:33:18.785 -0700,0,0,true,"",42,false,23,80,false
521,1,2019-08-21 17:33:22.381 -0700,2019-08-21 17:33:39.795 -0700,0,0,true,"",42,false,24,82,false
522,1,2019-08-21 17:33:46.744 -0700,2019-08-21 17:34:07.711 -0700,0,0,true,"",42,false,25,87,false
523,1,2019-08-21 17:34:44.855 -0700,2019-08-21 17:34:52.247 -0700,0,0,true,"",42,false,26,91,false
524,1,2019-08-21 17:34:54.917 -0700,2019-08-21 17:35:03.352 -0700,0,0,true,"",42,false,27,95,false
525,1,2019-08-21 17:35:05.980 -0700,2019-08-21 17:35:26.606 -0700,0,0,true,"",42,false,28,99,false
526,1,2019-08-21 17:35:29.310 -0700,2019-08-21 17:35:44.372 -0700,0,0,true,"",42,false,29,104,false
527,1,2019-08-21 17:35:46.599 -0700,2019-08-21 17:36:05.544 -0700,0,0,true,"",42,false,30,106,false
528,1,2019-08-21 17:36:07.813 -0700,2019-08-21 17:36:21.252 -0700,0,0,true,"",42,false,31,110,false
529,1,2019-08-21 17:36:23.438 -0700,2019-08-21 17:36:29.765 -0700,0,0,false,"",42,false,32,111,false
530,1,2019-08-21 17:36:43.382 -0700,2019-08-21 17:37:11.919 -0700,0,0,true,"",42,false,33,113,false
531,1,2019-08-21 17:37:14.738 -0700,2019-08-21 17:37:29.072 -0700,0,0,true,"",42,false,34,115,false
532,1,2019-08-21 17:37:31.429 -0700,2019-08-21 17:37:44.639 -0700,0,0,true,"",42,false,35,117,false
533,1,2019-08-21 17:38:07.116 -0700,2019-08-21 17:38:17.459 -0700,0,0,true,"",42,false,36,121,false
534,5,2019-08-21 17:38:20.075 -0700,2019-08-21 17:39:47.946 -0700,0,0,true,"",42,false,37,126,false
535,1,2019-08-21 17:39:52.401 -0700,2019-08-21 17:40:18.534 -0700,0,0,true,"",42,false,38,128,false
536,1,2019-08-21 17:40:22.213 -0700,2019-08-21 17:40:28.339 -0700,0,0,true,"",42,false,39,132,false
537,1,2019-08-21 17:40:31.406 -0700,2019-08-21 17:40:41.699 -0700,0,0,true,"",42,false,40,136,false
538,2,2019-08-21 17:40:48.210 -0700,2019-08-21 17:41:03.873 -0700,0,0,true,"",42,false,41,141,false
539,1,2019-08-21 17:41:06.523 -0700,2019-08-21 17:41:21.177 -0700,0,0,true,"",42,false,42,145,false
540,1,2019-08-21 17:41:23.479 -0700,2019-08-21 17:41:35.225 -0700,0,0,true,"",42,false,43,148,false
541,1,2019-08-21 17:41:37.673 -0700,2019-08-21 17:42:00.955 -0700,0,0,true,"",42,false,44,151,false
542,1,2019-08-21 17:42:03.564 -0700,2019-08-21 17:42:28.062 -0700,0,0,true,"",42,false,45,156,false
543,1,2019-08-21 17:43:57.599 -0700,2019-08-21 17:46:09.817 -0700,0,0,true,"",42,false,46,158,false
544,3,2019-08-21 17:46:12.213 -0700,2019-08-21 17:48:31.314 -0700,0,0,true,"",42,false,47,160,false
545,1,2019-08-21 17:48:34.378 -0700,2019-08-21 17:48:44.102 -0700,0,0,true,"",42,false,48,163,false
546,1,2019-08-21 17:48:46.387 -0700,2019-08-21 17:48:52.548 -0700,0,0,false,"",42,false,49,165,false
547,1,2019-08-21 17:48:55.444 -0700,2019-08-21 17:49:03.254 -0700,0,0,true,"",42,false,50,169,false
548,1,2019-08-21 17:49:04.969 -0700,2019-08-21 17:49:14.020 -0700,0,0,true,"",42,false,51,173,false
549,1,2019-08-21 17:49:20.723 -0700,2019-08-21 17:49:31.739 -0700,0,0,true,"",42,false,52,176,false
550,1,2019-08-21 17:49:34.338 -0700,2019-08-21 17:49:46.136 -0700,0,0,true,"",42,false,53,180,false
551,3,2019-08-21 17:49:48.831 -0700,2019-08-21 17:50:14.173 -0700,0,0,false,"",42,false,54,184,false
552,2,2019-08-21 17:51:20.347 -0700,2019-08-21 17:53:07.797 -0700,0,0,true,"",42,false,55,189,false
553,1,2019-08-21 17:53:10.636 -0700,2019-08-21 17:53:23.008 -0700,0,0,true,"",42,false,56,194,false
554,1,2019-08-21 17:53:36.184 -0700,2019-08-21 17:53:47.205 -0700,0,0,true,"",42,false,57,196,false
555,1,2019-08-21 17:53:49.722 -0700,2019-08-21 17:54:30.960 -0700,0,0,true,"",42,false,58,202,false
556,2,2019-08-21 17:54:33.572 -0700,2019-08-21 17:54:51.195 -0700,0,0,true,"",42,false,59,206,false
557,1,2019-08-21 17:54:54.046 -0700,2019-08-21 17:55:11.150 -0700,0,0,true,"",42,false,60,209,false
558,1,2019-08-21 17:55:13.268 -0700,2019-08-21 17:56:12.902 -0700,0,0,true,"",42,false,61,214,false
559,3,2019-08-21 17:56:15.455 -0700,2019-08-21 17:58:38.430 -0700,0,0,true,"",42,false,62,217,false
560,1,2019-08-21 17:58:41.588 -0700,2019-08-21 17:59:20.706 -0700,0,0,true,"",42,false,63,219,false
561,1,2019-08-21 17:59:23.579 -0700,2019-08-21 17:59:34.244 -0700,0,0,true,"",42,false,64,223,false
562,1,2019-08-21 17:59:36.491 -0700,2019-08-21 17:59:52.613 -0700,0,0,true,"",42,false,65,227,false
563,1,2019-08-21 18:00:41.907 -0700,2019-08-21 18:01:00.054 -0700,0,0,true,"",42,false,66,229,false
564,1,2019-08-21 18:01:02.389 -0700,2019-08-21 18:01:34.941 -0700,0,0,true,"",42,false,67,231,false
565,1,2019-08-21 18:02:17.538 -0700,2019-08-21 18:02:57.212 -0700,0,0,true,"",42,false,68,235,false
566,3,2019-08-21 18:03:00.183 -0700,2019-08-21 18:03:41.578 -0700,0,0,false,"",42,false,69,240,false
567,1,2019-08-21 18:03:50.310 -0700,2019-08-21 18:03:58.553 -0700,0,0,true,"",42,false,70,244,false
568,1,2019-08-21 18:04:01.365 -0700,2019-08-21 18:04:15.843 -0700,0,0,true,"",42,false,71,248,false
569,1,2019-08-21 18:04:18.406 -0700,2019-08-21 18:04:57.746 -0700,0,0,true,"",42,false,72,251,false
570,1,2019-08-21 18:05:00.394 -0700,2019-08-21 18:05:22.582 -0700,0,0,true,"",42,false,73,257,false
571,1,2019-08-21 18:05:25.313 -0700,2019-08-21 18:05:38.679 -0700,0,0,false,"",42,false,74,259,false
572,1,2019-08-21 18:05:45.490 -0700,2019-08-21 18:06:11.168 -0700,0,0,true,"",42,false,75,265,false
573,1,2019-08-21 18:06:14.583 -0700,2019-08-21 18:06:42.703 -0700,0,0,false,"",42,false,76,268,false
574,1,2019-08-21 18:08:33.957 -0700,2019-08-21 18:09:44.978 -0700,0,0,true,"",42,false,77,274,false
575,1,2019-08-21 18:09:47.910 -0700,2019-08-21 18:10:08.835 -0700,0,0,true,"",42,false,78,275,false
576,1,2019-08-21 18:10:11.828 -0700,2019-08-21 18:11:18.057 -0700,0,0,true,"",42,false,79,281,false
577,1,2019-08-21 18:11:20.822 -0700,2019-08-21 18:12:00.861 -0700,0,0,true,"",42,false,80,285,false
578,1,2019-08-21 18:12:04.564 -0700,2019-08-21 18:12:17.407 -0700,0,0,false,"",42,false,81,289,false
579,1,2019-08-21 18:19:03.252 -0700,2019-08-21 18:19:54.573 -0700,0,0,true,"",42,false,82,294,false
580,1,2019-08-21 18:19:57.180 -0700,2019-08-21 18:22:23.917 -0700,0,0,true,"",42,false,83,297,false
581,1,2019-08-21 18:22:26.528 -0700,2019-08-21 18:22:41.141 -0700,0,0,true,"",42,false,84,302,false
582,1,2019-08-21 18:22:47.831 -0700,2019-08-21 18:23:23.039 -0700,0,0,true,"",42,false,85,305,false
583,1,2019-08-21 18:23:25.515 -0700,2019-08-21 18:23:42.055 -0700,0,0,true,"",42,false,86,307,false
584,1,2019-08-21 18:23:44.897 -0700,2019-08-21 18:24:37.361 -0700,0,0,true,"",42,false,87,311,false
585,1,2019-08-21 19:14:42.936 -0700,2019-08-21 19:15:10.329 -0700,1,3,true,"",55,false,2,7,false
586,1,2019-08-21 19:15:17.834 -0700,2019-08-21 19:15:37.000 -0700,1,3,true,"",55,false,3,10,false
587,1,2019-08-21 19:15:39.325 -0700,2019-08-21 19:16:00.842 -0700,1,3,false,"",55,false,4,13,false
588,1,2019-08-21 20:28:00.138 -0700,2019-08-21 20:28:30.716 -0700,2,2,true,"",59,false,57,196,false
589,2,2019-08-21 20:28:33.605 -0700,2019-08-21 20:29:01.617 -0700,3,1,true,"",59,true,58,202,false
590,1,2019-08-21 20:29:03.433 -0700,2019-08-21 20:29:14.527 -0700,2,2,true,"",59,false,59,206,false
591,1,2019-08-21 20:29:16.384 -0700,2019-08-21 20:29:35.242 -0700,2,3,true,"",59,false,60,209,false
592,1,2019-08-21 20:29:36.912 -0700,2019-08-21 20:29:56.926 -0700,2,1,true,"",59,false,61,214,false
593,1,2019-08-21 20:30:06.419 -0700,2019-08-21 20:30:18.984 -0700,1,3,true,"",59,false,62,217,false
594,1,2019-08-21 20:30:20.607 -0700,2019-08-21 20:30:43.809 -0700,2,2,true,"",59,false,63,219,false
595,1,2019-08-21 20:30:45.919 -0700,2019-08-21 20:30:57.633 -0700,2,2,true,"",59,false,64,223,false
596,1,2019-08-21 20:30:59.782 -0700,2019-08-21 20:31:25.587 -0700,2,2,true,"",59,false,65,227,false
597,3,2019-08-21 20:31:27.527 -0700,2019-08-21 20:31:57.490 -0700,2,2,true,"",59,false,66,229,false
598,2,2019-08-21 20:31:59.199 -0700,2019-08-21 20:33:02.251 -0700,2,2,true,"",59,false,67,231,false
599,1,2019-08-21 20:33:03.662 -0700,2019-08-21 20:33:46.773 -0700,3,1,true,"",59,false,68,235,false
600,1,2019-08-21 20:33:48.862 -0700,2019-08-21 20:34:06.333 -0700,2,2,true,"",59,false,69,241,false
601,1,2019-08-21 20:34:08.272 -0700,2019-08-21 20:34:18.038 -0700,2,2,true,"",59,false,70,244,false
602,1,2019-08-21 20:34:21.398 -0700,2019-08-21 20:34:38.261 -0700,2,2,true,"",59,false,71,248,false
603,1,2019-08-21 20:34:40.161 -0700,2019-08-21 20:34:55.964 -0700,2,1,true,"",59,false,72,251,false
604,1,2019-08-21 20:34:57.687 -0700,2019-08-21 20:35:28.370 -0700,2,2,true,"",59,false,73,257,false
605,1,2019-08-21 20:35:30.424 -0700,2019-08-21 20:36:00.388 -0700,2,2,true,"",59,false,74,260,false
606,1,2019-08-21 20:36:02.294 -0700,2019-08-21 20:36:36.211 -0700,2,2,true,"",59,false,75,265,false
607,1,2019-08-21 20:36:38.112 -0700,2019-08-21 20:37:09.626 -0700,2,2,false,"",59,false,76,268,false
608,1,2019-08-21 20:37:40.759 -0700,2019-08-21 20:38:07.081 -0700,2,1,true,"",59,false,77,274,false
609,1,2019-08-21 20:38:09.643 -0700,2019-08-21 20:38:30.322 -0700,2,1,true,"",59,false,78,275,false
610,1,2019-08-21 20:38:33.078 -0700,2019-08-21 20:40:13.636 -0700,3,1,true,"",59,true,79,281,false
611,1,2019-08-21 20:40:16.407 -0700,2019-08-21 20:40:32.039 -0700,3,1,false,"",59,false,80,286,false
612,1,2019-08-21 20:40:34.803 -0700,2019-08-21 20:40:51.568 -0700,2,1,false,"",59,false,81,289,false
613,1,2019-08-21 20:46:59.155 -0700,2019-08-21 20:47:09.660 -0700,1,2,true,"",60,false,2,7,false
614,1,2019-08-21 20:47:14.276 -0700,2019-08-21 20:47:28.207 -0700,3,3,true,"",60,false,3,10,false
615,1,2019-08-21 20:47:32.369 -0700,2019-08-21 20:47:47.070 -0700,0,0,true,"",60,false,4,15,false
616,1,2019-08-21 20:47:49.578 -0700,2019-08-21 20:47:56.167 -0700,0,0,true,"",60,false,5,18,false
617,1,2019-08-21 20:48:00.542 -0700,2019-08-21 20:48:14.733 -0700,0,0,true,"",60,false,6,20,false
618,1,2019-08-21 20:48:17.886 -0700,2019-08-21 20:48:28.340 -0700,0,0,true,"",60,false,7,25,false
619,1,2019-08-21 20:48:31.339 -0700,2019-08-21 20:48:44.439 -0700,0,0,true,"",60,false,8,27,false
620,1,2019-08-21 20:49:17.724 -0700,2019-08-21 20:49:20.139 -0700,0,0,true,"",60,false,9,31,false
621,1,2019-08-21 20:49:22.270 -0700,2019-08-21 20:49:36.511 -0700,0,0,true,"",60,false,10,35,false
622,1,2019-08-21 20:49:40.224 -0700,2019-08-21 20:49:54.088 -0700,0,0,true,"",60,false,11,40,false
623,1,2019-08-21 20:49:57.035 -0700,2019-08-21 20:50:09.563 -0700,0,0,true,"",60,false,12,44,false
624,1,2019-08-21 20:50:12.097 -0700,2019-08-21 20:50:24.363 -0700,0,0,true,"",60,false,13,49,false
625,1,2019-08-21 20:50:26.880 -0700,2019-08-21 20:51:02.095 -0700,0,0,true,"",60,false,14,53,false
626,1,2019-08-21 20:51:05.043 -0700,2019-08-21 20:51:31.840 -0700,0,0,true,"",60,false,15,56,false
627,1,2019-08-21 20:51:34.359 -0700,2019-08-21 20:51:40.094 -0700,0,0,true,"",60,false,16,57,false
628,1,2019-08-21 20:51:42.667 -0700,2019-08-21 20:51:57.182 -0700,0,0,true,"",60,false,17,60,false
629,1,2019-08-21 20:52:00.487 -0700,2019-08-21 20:52:12.505 -0700,0,0,true,"",60,false,18,63,false
630,2,2019-08-21 20:52:15.939 -0700,2019-08-21 20:52:38.751 -0700,0,0,false,"",60,false,19,65,false
631,1,2019-08-21 20:52:44.742 -0700,2019-08-21 20:52:58.146 -0700,0,0,true,"",60,false,20,70,false
632,2,2019-08-21 20:53:00.533 -0700,2019-08-21 20:53:24.998 -0700,0,0,false,"",60,false,21,71,false
633,1,2019-08-21 20:53:38.474 -0700,2019-08-21 20:53:55.736 -0700,0,0,true,"",60,false,22,74,false
634,1,2019-08-21 20:53:58.272 -0700,2019-08-21 20:54:08.763 -0700,0,0,true,"",60,false,23,80,false
635,1,2019-08-21 20:54:12.385 -0700,2019-08-21 20:54:19.676 -0700,0,0,true,"",60,false,24,82,false
636,1,2019-08-21 20:54:22.251 -0700,2019-08-21 20:54:41.950 -0700,0,0,true,"",60,false,25,87,false
637,1,2019-08-21 20:54:44.654 -0700,2019-08-21 20:54:50.046 -0700,0,0,true,"",60,false,26,91,false
638,1,2019-08-21 20:54:52.692 -0700,2019-08-21 20:55:14.053 -0700,0,0,true,"",60,false,27,95,false
639,1,2019-08-21 20:55:17.606 -0700,2019-08-21 20:55:29.317 -0700,0,0,true,"",60,false,28,99,false
640,1,2019-08-21 20:55:33.362 -0700,2019-08-21 20:55:59.401 -0700,0,0,false,"",60,false,29,102,false
641,1,2019-08-21 20:56:08.412 -0700,2019-08-21 20:56:45.700 -0700,0,0,true,"",60,false,30,106,false
642,1,2019-08-21 20:56:48.216 -0700,2019-08-21 20:57:01.921 -0700,0,0,true,"",60,false,31,110,false
643,1,2019-08-21 20:57:04.512 -0700,2019-08-21 20:57:11.994 -0700,0,0,true,"",60,false,32,112,false
644,1,2019-08-21 20:57:14.143 -0700,2019-08-21 20:57:23.448 -0700,0,0,true,"",60,false,33,113,false
645,1,2019-08-21 20:57:25.740 -0700,2019-08-21 20:57:39.477 -0700,0,0,false,"",60,false,34,116,false
646,1,2019-08-21 20:57:43.739 -0700,2019-08-21 20:57:54.190 -0700,0,0,true,"",60,false,35,117,false
647,1,2019-08-21 20:58:01.720 -0700,2019-08-21 20:58:10.295 -0700,0,0,true,"",60,false,36,121,false
648,1,2019-08-21 20:58:13.516 -0700,2019-08-21 20:58:19.007 -0700,0,0,true,"",60,false,37,126,false
649,1,2019-08-21 20:58:22.778 -0700,2019-08-21 20:58:32.621 -0700,0,0,true,"",60,false,38,128,false
650,1,2019-08-21 20:58:35.316 -0700,2019-08-21 20:58:40.658 -0700,0,0,false,"",60,false,39,134,false
651,1,2019-08-21 20:58:44.560 -0700,2019-08-21 20:58:54.396 -0700,0,0,true,"",60,false,40,136,false
652,1,2019-08-21 20:58:57.480 -0700,2019-08-21 20:59:06.658 -0700,0,0,true,"",60,false,41,141,false
653,1,2019-08-21 20:59:10.724 -0700,2019-08-21 20:59:20.633 -0700,0,0,true,"",60,false,42,145,false
654,1,2019-08-21 20:59:23.567 -0700,2019-08-21 20:59:31.589 -0700,0,0,true,"",60,false,43,148,false
655,3,2019-08-21 20:59:34.427 -0700,2019-08-21 20:59:55.184 -0700,0,0,true,"",60,false,44,151,false
656,1,2019-08-21 20:59:58.723 -0700,2019-08-21 21:00:06.582 -0700,0,0,true,"",60,false,45,156,false
657,1,2019-08-21 21:00:09.413 -0700,2019-08-21 21:00:28.034 -0700,0,0,false,"",60,false,46,157,false
658,6,2019-08-21 21:00:33.496 -0700,2019-08-21 21:00:54.457 -0700,0,0,false,"",60,false,47,161,false
659,3,2019-08-21 21:01:00.854 -0700,2019-08-21 21:01:16.446 -0700,0,0,true,"",60,false,48,163,false
660,3,2019-08-21 21:01:18.933 -0700,2019-08-21 21:01:28.912 -0700,0,0,true,"",60,false,49,167,false
661,1,2019-08-21 21:01:31.286 -0700,2019-08-21 21:01:38.621 -0700,0,0,true,"",60,false,50,169,false
662,1,2019-08-21 21:01:40.668 -0700,2019-08-21 21:01:47.018 -0700,0,0,false,"",60,false,51,175,false
663,1,2019-08-21 21:01:51.207 -0700,2019-08-21 21:01:59.644 -0700,0,0,true,"",60,false,52,176,false
664,1,2019-08-21 21:02:02.263 -0700,2019-08-21 21:02:14.762 -0700,0,0,false,"",60,false,53,183,false
665,3,2019-08-21 21:02:19.077 -0700,2019-08-21 21:02:39.462 -0700,0,0,false,"",60,false,54,186,false
666,1,2019-08-21 21:03:56.236 -0700,2019-08-21 21:04:33.355 -0700,0,0,false,"",60,false,55,191,false
667,1,2019-08-21 21:04:36.123 -0700,2019-08-21 21:04:45.568 -0700,0,0,true,"",60,false,56,194,false
668,1,2019-08-21 21:04:53.651 -0700,2019-08-21 21:05:02.696 -0700,0,0,true,"",60,false,57,196,false
669,1,2019-08-21 21:06:51.646 -0700,2019-08-21 21:07:04.822 -0700,0,0,true,"",60,false,58,202,false
670,2,2019-08-21 21:07:07.016 -0700,2019-08-21 21:07:19.547 -0700,0,0,true,"",60,false,59,206,false
671,1,2019-08-21 21:07:51.781 -0700,2019-08-21 21:08:04.145 -0700,0,0,false,"",60,false,60,210,false
672,1,2019-08-21 21:08:11.536 -0700,2019-08-21 21:08:47.663 -0700,0,0,true,"",60,false,61,214,false
673,1,2019-08-21 21:08:50.426 -0700,2019-08-21 21:09:33.286 -0700,0,0,false,"",60,false,62,218,false
674,2,2019-08-21 21:09:44.167 -0700,2019-08-21 21:09:58.903 -0700,0,0,false,"",60,false,63,220,false
675,1,2019-08-21 21:10:03.499 -0700,2019-08-21 21:10:09.363 -0700,0,0,false,"",60,false,64,224,false
676,2,2019-08-21 21:10:14.298 -0700,2019-08-21 21:10:38.180 -0700,0,0,true,"",60,false,65,227,false
677,1,2019-08-21 21:10:41.778 -0700,2019-08-21 21:10:53.115 -0700,0,0,true,"",60,false,66,229,false
678,1,2019-08-21 21:10:55.432 -0700,2019-08-21 21:11:16.475 -0700,0,0,true,"",60,false,67,231,false
679,1,2019-08-21 21:12:10.574 -0700,2019-08-21 21:12:36.595 -0700,0,0,true,"",25,false,75,265,false
680,1,2019-08-21 21:11:20.336 -0700,2019-08-21 21:13:09.819 -0700,0,0,true,"",60,false,68,235,false
681,1,2019-08-21 21:13:12.915 -0700,2019-08-21 21:13:33.986 -0700,0,0,false,"",60,false,69,240,false
682,1,2019-08-21 21:12:41.250 -0700,2019-08-21 21:13:44.752 -0700,0,0,true,"",25,false,76,269,false
683,1,2019-08-21 21:13:40.816 -0700,2019-08-21 21:13:50.702 -0700,0,0,false,"",60,false,70,245,false
684,1,2019-08-21 21:14:06.804 -0700,2019-08-21 21:14:20.079 -0700,0,0,true,"",60,false,71,248,false
685,1,2019-08-21 21:13:49.581 -0700,2019-08-21 21:14:21.487 -0700,0,0,true,"",25,false,77,274,false
686,1,2019-08-21 21:15:46.751 -0700,2019-08-21 21:16:04.734 -0700,0,0,false,"",60,false,72,252,false
687,1,2019-08-21 21:16:09.215 -0700,2019-08-21 21:16:31.027 -0700,0,0,true,"",60,false,73,257,false
688,1,2019-08-21 21:14:26.018 -0700,2019-08-21 21:17:18.102 -0700,0,0,true,"",25,false,78,275,false
689,1,2019-08-21 21:17:50.842 -0700,2019-08-21 21:18:08.080 -0700,0,0,true,"",60,false,74,260,false
690,2,2019-08-21 21:20:37.536 -0700,2019-08-21 21:22:27.922 -0700,0,0,false,"",25,false,79,279,false
691,1,2019-08-21 21:22:54.542 -0700,2019-08-21 21:23:57.820 -0700,0,0,true,"",25,false,80,285,false
692,2,2019-08-21 21:24:02.877 -0700,2019-08-21 21:27:07.170 -0700,0,0,true,"",25,false,81,288,false
693,1,2019-08-21 21:27:10.847 -0700,2019-08-21 21:27:25.556 -0700,0,0,true,"",25,false,82,294,false
694,1,2019-08-21 21:28:02.856 -0700,2019-08-21 21:31:07.198 -0700,0,0,true,"",25,false,83,297,false
695,1,2019-08-21 21:31:11.104 -0700,2019-08-21 21:31:37.983 -0700,0,0,true,"",25,false,84,302,false
696,1,2019-08-21 21:34:14.607 -0700,2019-08-21 21:34:50.787 -0700,0,0,true,"",25,false,85,305,false
697,1,2019-08-21 21:34:54.306 -0700,2019-08-21 21:35:45.651 -0700,0,0,true,"",25,false,86,307,false
698,1,2019-08-21 21:35:49.746 -0700,2019-08-21 21:36:45.858 -0700,0,0,true,"",25,false,87,311,false
699,1,2019-08-21 22:12:06.963 -0700,2019-08-21 22:12:49.840 -0700,1,2,false,"",63,false,2,5,false
700,1,2019-08-22 00:25:57.392 -0700,2019-08-22 00:26:10.947 -0700,1,1,true,"",69,false,2,7,false
701,1,2019-08-22 00:26:15.539 -0700,2019-08-22 00:26:28.245 -0700,1,1,true,"",69,false,3,10,false
702,1,2019-08-22 00:26:31.525 -0700,2019-08-22 00:26:45.369 -0700,1,1,true,"",69,false,4,15,false
703,1,2019-08-22 00:26:48.507 -0700,2019-08-22 00:26:55.278 -0700,1,1,true,"",69,false,5,18,false
704,1,2019-08-22 00:26:12.288 -0700,2019-08-22 00:26:57.457 -0700,1,3,true,"",55,false,5,18,false
705,1,2019-08-22 00:27:02.970 -0700,2019-08-22 00:27:15.281 -0700,1,1,true,"",69,false,6,20,false
706,1,2019-08-22 00:27:18.323 -0700,2019-08-22 00:27:29.150 -0700,1,1,true,"",69,false,7,25,false
707,1,2019-08-22 00:26:59.685 -0700,2019-08-22 00:27:50.337 -0700,1,3,true,"",55,true,6,20,false
708,1,2019-08-22 00:27:44.063 -0700,2019-08-22 00:27:59.643 -0700,3,1,true,"",69,false,8,27,false
709,1,2019-08-22 00:27:52.063 -0700,2019-08-22 00:28:14.749 -0700,1,3,true,"",55,false,7,25,false
710,1,2019-08-22 00:28:06.511 -0700,2019-08-22 00:28:19.742 -0700,3,1,true,"",69,false,9,31,false
711,1,2019-08-22 00:28:18.014 -0700,2019-08-22 00:28:37.974 -0700,1,3,true,"",55,false,8,27,false
712,1,2019-08-22 00:28:39.502 -0700,2019-08-22 00:30:07.884 -0700,2,2,true,"",55,false,9,31,false
713,1,2019-08-22 00:30:10.889 -0700,2019-08-22 00:30:24.079 -0700,2,2,true,"",55,false,10,35,false
714,2,2019-08-22 00:30:25.952 -0700,2019-08-22 00:30:43.678 -0700,1,3,true,"",55,false,11,40,false
715,1,2019-08-22 00:30:45.217 -0700,2019-08-22 00:30:55.441 -0700,1,3,true,"",55,false,12,44,false
716,1,2019-08-22 00:32:01.851 -0700,2019-08-22 00:32:19.631 -0700,2,3,false,"",55,false,13,48,false
717,1,2019-08-22 00:32:27.192 -0700,2019-08-22 00:33:08.148 -0700,2,3,true,"",55,false,14,53,false
718,1,2019-08-22 00:33:09.785 -0700,2019-08-22 00:33:29.304 -0700,1,3,true,"",55,false,15,56,false
719,1,2019-08-22 00:33:30.943 -0700,2019-08-22 00:33:45.130 -0700,1,3,true,"",55,false,16,57,false
720,1,2019-08-22 00:33:46.540 -0700,2019-08-22 00:36:13.456 -0700,1,3,true,"",55,false,17,60,false
721,1,2019-08-22 00:36:14.947 -0700,2019-08-22 00:36:30.663 -0700,1,3,true,"",55,false,18,63,false
722,1,2019-08-22 00:36:36.459 -0700,2019-08-22 00:37:25.672 -0700,1,3,true,"",55,false,19,66,false
723,1,2019-08-22 00:37:27.213 -0700,2019-08-22 00:38:14.935 -0700,1,3,true,"",55,false,20,70,false
724,1,2019-08-22 00:38:29.127 -0700,2019-08-22 00:38:54.460 -0700,2,2,true,"",55,false,21,73,false
725,1,2019-08-22 00:38:55.752 -0700,2019-08-22 00:39:34.648 -0700,1,3,true,"",55,false,22,74,false
726,1,2019-08-22 00:39:42.446 -0700,2019-08-22 00:40:00.418 -0700,2,2,true,"",55,false,23,80,false
727,1,2019-08-22 00:40:01.986 -0700,2019-08-22 00:40:17.296 -0700,1,3,true,"",55,false,24,82,false
728,1,2019-08-22 00:40:19.150 -0700,2019-08-22 00:40:27.722 -0700,1,3,true,"",55,false,25,87,false
729,1,2019-08-22 00:40:29.171 -0700,2019-08-22 00:40:34.409 -0700,1,3,true,"",55,false,26,91,false
730,1,2019-08-22 00:40:35.851 -0700,2019-08-22 00:41:16.534 -0700,2,2,true,"",55,false,27,95,false
731,1,2019-08-22 00:41:18.060 -0700,2019-08-22 00:41:42.242 -0700,2,1,true,"",55,false,28,99,false
732,1,2019-08-22 00:41:43.946 -0700,2019-08-22 00:41:55.496 -0700,2,3,true,"",55,false,29,104,false
733,1,2019-08-22 00:41:56.776 -0700,2019-08-22 00:42:13.044 -0700,2,2,true,"",55,false,30,106,false
734,1,2019-08-22 00:42:14.360 -0700,2019-08-22 00:42:28.567 -0700,2,2,true,"",55,false,31,110,false
735,1,2019-08-22 00:42:30.447 -0700,2019-08-22 00:42:42.507 -0700,2,3,false,"",55,false,32,111,false
736,1,2019-08-22 00:43:17.278 -0700,2019-08-22 00:43:34.107 -0700,2,2,true,"",55,false,33,113,false
737,1,2019-08-22 00:43:35.621 -0700,2019-08-22 00:43:45.180 -0700,2,2,true,"",55,false,34,115,false
738,1,2019-08-22 00:43:46.546 -0700,2019-08-22 00:43:55.428 -0700,2,2,true,"",55,false,35,117,false
739,1,2019-08-21 03:28:24.075 -0700,2019-08-22 02:13:17.065 -0700,2,2,true,"",23,false,48,163,false
740,1,2019-08-22 04:04:50.239 -0700,2019-08-22 04:05:04.356 -0700,3,1,true,"",69,false,10,35,false
741,1,2019-08-22 04:05:10.539 -0700,2019-08-22 04:05:25.742 -0700,3,1,true,"",69,false,11,40,false
742,1,2019-08-22 04:30:13.058 -0700,2019-08-22 04:30:25.096 -0700,3,1,true,"",69,false,12,44,false
743,1,2019-08-22 04:30:28.872 -0700,2019-08-22 04:30:51.504 -0700,3,1,true,"",69,false,13,49,false
744,1,2019-08-22 04:30:55.876 -0700,2019-08-22 04:31:47.103 -0700,3,1,true,"",69,false,14,53,false
745,1,2019-08-22 04:31:53.145 -0700,2019-08-22 04:32:08.793 -0700,3,1,true,"",69,false,15,56,false
746,2,2019-08-22 06:03:23.743 -0700,2019-08-22 06:03:45.304 -0700,1,2,true,"",74,false,2,7,false
747,1,2019-08-22 06:03:50.031 -0700,2019-08-22 06:04:36.203 -0700,1,3,true,"",74,false,3,10,false
748,1,2019-08-22 06:04:38.696 -0700,2019-08-22 06:05:04.114 -0700,2,2,false,"",74,false,4,13,false
749,1,2019-08-22 06:05:33.242 -0700,2019-08-22 06:05:44.283 -0700,1,1,true,"",74,false,5,18,false
750,1,2019-08-22 06:46:28.976 -0700,2019-08-22 06:47:06.554 -0700,1,3,true,"",76,false,2,7,false
751,1,2019-08-22 06:47:10.128 -0700,2019-08-22 06:47:35.242 -0700,1,3,true,"",76,false,3,10,false
752,1,2019-08-22 06:47:37.803 -0700,2019-08-22 06:48:18.678 -0700,3,1,true,"",76,false,4,15,false
753,1,2019-08-22 06:48:23.059 -0700,2019-08-22 06:48:38.277 -0700,3,1,true,"",76,false,5,18,false
754,1,2019-08-22 08:57:25.055 -0700,2019-08-22 08:57:59.362 -0700,1,3,true,"",79,false,2,7,false
755,1,2019-08-22 15:23:02.142 -0700,2019-08-22 15:23:18.170 -0700,2,2,true,"",80,false,2,7,false
756,1,2019-08-22 17:37:02.249 -0700,2019-08-22 17:37:12.326 -0700,3,1,true,"",69,false,16,57,false
757,1,2019-08-22 17:37:16.372 -0700,2019-08-22 17:37:31.459 -0700,3,0,true,"",69,false,17,60,false
758,1,2019-08-22 18:08:44.417 -0700,2019-08-22 18:08:54.008 -0700,0,0,true,"",20,false,36,121,false
759,2,2019-08-22 18:08:56.329 -0700,2019-08-22 18:09:14.549 -0700,0,0,true,"",20,false,37,126,false
760,1,2019-08-22 18:09:17.008 -0700,2019-08-22 18:09:22.398 -0700,0,0,true,"",20,false,38,128,false
761,1,2019-08-22 18:09:24.535 -0700,2019-08-22 18:09:33.495 -0700,0,0,true,"",20,false,39,132,false
762,1,2019-08-22 18:09:35.280 -0700,2019-08-22 18:09:44.031 -0700,0,0,true,"",20,false,40,136,false
763,1,2019-08-22 18:09:48.293 -0700,2019-08-22 18:09:58.005 -0700,0,0,true,"",20,false,41,141,false
764,1,2019-08-22 18:09:59.944 -0700,2019-08-22 18:14:47.669 -0700,0,0,true,"",20,false,42,145,false
765,1,2019-08-22 18:14:50.701 -0700,2019-08-22 18:15:01.885 -0700,0,0,true,"",20,false,43,148,false
766,1,2019-08-22 18:15:04.053 -0700,2019-08-22 18:15:34.992 -0700,0,0,true,"",20,false,44,151,false
767,1,2019-08-22 18:15:37.156 -0700,2019-08-22 18:15:53.953 -0700,0,0,true,"",20,false,45,156,false
768,1,2019-08-22 18:15:56.086 -0700,2019-08-22 18:16:05.959 -0700,0,0,true,"",20,false,46,158,false
769,1,2019-08-22 18:16:07.473 -0700,2019-08-22 18:16:17.799 -0700,0,0,true,"",20,false,47,160,false
770,1,2019-08-22 18:16:20.215 -0700,2019-08-22 18:16:31.009 -0700,0,0,true,"",20,false,48,163,false
771,1,2019-08-22 18:16:33.317 -0700,2019-08-22 18:16:43.239 -0700,0,0,true,"",20,false,49,167,false
772,1,2019-08-22 18:16:45.291 -0700,2019-08-22 18:16:52.806 -0700,0,0,true,"",20,false,50,169,false
773,1,2019-08-22 18:16:54.507 -0700,2019-08-22 18:17:12.273 -0700,0,0,true,"",20,false,51,173,false
774,1,2019-08-22 18:17:14.539 -0700,2019-08-22 18:17:36.560 -0700,0,0,true,"",20,false,52,176,false
775,1,2019-08-22 18:17:38.670 -0700,2019-08-22 18:21:54.871 -0700,0,0,true,"",20,false,53,180,false
776,1,2019-08-22 18:21:56.756 -0700,2019-08-22 18:23:10.202 -0700,0,0,true,"",20,false,54,185,false
777,1,2019-08-22 18:23:13.257 -0700,2019-08-22 18:23:19.471 -0700,0,0,true,"",20,false,55,189,false
778,1,2019-08-22 18:23:23.938 -0700,2019-08-22 18:28:53.382 -0700,0,0,true,"",20,false,56,194,false
779,2,2019-08-22 22:10:57.948 -0700,2019-08-22 22:11:07.442 -0700,2,1,true,"",74,false,7,25,false
780,1,2019-08-22 22:11:15.739 -0700,2019-08-22 22:11:45.643 -0700,2,1,true,"",74,false,8,27,false
781,1,2019-08-22 22:12:04.449 -0700,2019-08-22 22:13:30.125 -0700,2,1,false,"",74,false,9,32,false
782,1,2019-08-22 22:13:40.748 -0700,2019-08-22 22:14:05.201 -0700,2,1,true,"",74,false,10,35,false
783,1,2019-08-22 22:14:12.854 -0700,2019-08-22 22:14:46.036 -0700,2,3,true,"",74,false,11,40,false
784,1,2019-08-22 22:14:47.967 -0700,2019-08-22 22:15:42.414 -0700,2,3,true,"",74,false,12,44,false
785,1,2019-08-22 23:25:30.610 -0700,2019-08-22 23:25:57.214 -0700,1,3,false,"",86,false,2,8,false
786,1,2019-08-22 23:26:51.791 -0700,2019-08-22 23:27:40.210 -0700,1,3,true,"",86,false,3,10,false
787,1,2019-08-22 23:27:43.253 -0700,2019-08-22 23:27:57.671 -0700,0,0,true,"",86,false,4,15,false
788,1,2019-08-22 23:28:02.291 -0700,2019-08-22 23:28:10.738 -0700,0,0,false,"",86,false,5,17,false
789,1,2019-08-22 23:28:22.474 -0700,2019-08-22 23:28:42.820 -0700,0,0,true,"",86,false,6,20,false
790,1,2019-08-22 23:28:44.943 -0700,2019-08-22 23:28:51.948 -0700,0,0,true,"",86,false,7,25,false
791,1,2019-08-22 23:28:54.918 -0700,2019-08-22 23:29:10.167 -0700,0,0,true,"",86,false,8,27,false
792,1,2019-08-22 23:29:12.541 -0700,2019-08-22 23:29:31.481 -0700,0,0,true,"",86,false,9,31,false
793,1,2019-08-22 23:29:35.026 -0700,2019-08-22 23:29:49.752 -0700,0,0,true,"",86,false,10,35,false
794,1,2019-08-22 23:29:52.337 -0700,2019-08-22 23:30:05.398 -0700,0,0,true,"",86,false,11,40,false
795,1,2019-08-22 23:30:07.561 -0700,2019-08-22 23:30:15.464 -0700,0,0,true,"",86,false,12,44,false
796,1,2019-08-22 23:30:16.933 -0700,2019-08-22 23:30:35.754 -0700,0,0,true,"",86,false,13,49,false
797,1,2019-08-22 23:30:37.510 -0700,2019-08-22 23:31:56.568 -0700,0,0,true,"",86,false,14,53,false
798,1,2019-08-22 23:31:59.726 -0700,2019-08-22 23:32:19.378 -0700,0,0,false,"",86,false,15,55,false
799,1,2019-08-22 22:15:44.185 -0700,2019-08-23 01:36:26.566 -0700,2,3,true,"",74,false,13,49,false
800,1,2019-08-23 01:36:50.534 -0700,2019-08-23 01:41:09.106 -0700,3,1,true,"",74,false,14,53,false
801,1,2019-08-23 01:41:24.627 -0700,2019-08-23 01:42:10.990 -0700,1,3,true,"",74,false,15,56,false
802,1,2019-08-23 01:42:13.471 -0700,2019-08-23 01:42:50.488 -0700,3,1,true,"",74,false,16,57,false
803,1,2019-08-23 01:42:52.955 -0700,2019-08-23 01:43:18.679 -0700,3,1,false,"",74,false,17,59,false
804,1,2019-08-23 01:43:39.564 -0700,2019-08-23 01:44:30.632 -0700,3,1,true,"",74,false,18,63,false
805,1,2019-08-23 01:44:32.190 -0700,2019-08-23 01:45:07.067 -0700,3,1,true,"",74,false,19,66,false
806,1,2019-08-23 01:45:22.861 -0700,2019-08-23 01:45:48.135 -0700,3,1,true,"",74,false,20,70,false
807,1,2019-08-23 01:45:50.027 -0700,2019-08-23 01:46:26.625 -0700,3,1,false,"",74,false,21,72,false
808,1,2019-08-23 01:46:30.470 -0700,2019-08-23 01:46:54.269 -0700,1,3,true,"",74,false,22,74,false
809,3,2019-08-23 01:47:18.411 -0700,2019-08-23 01:47:27.102 -0700,2,2,true,"",74,false,23,80,false
810,1,2019-08-23 01:47:32.081 -0700,2019-08-23 01:47:42.646 -0700,1,1,true,"",74,false,24,82,false
811,1,2019-08-23 01:47:45.882 -0700,2019-08-23 01:48:12.283 -0700,3,1,true,"",74,false,25,87,false
812,1,2019-08-23 01:48:16.624 -0700,2019-08-23 01:48:39.289 -0700,1,1,true,"",74,false,26,91,false
813,1,2019-08-23 01:48:52.504 -0700,2019-08-23 01:49:18.250 -0700,3,1,true,"",74,false,27,95,false
814,1,2019-08-23 01:49:20.919 -0700,2019-08-23 01:50:00.204 -0700,3,1,true,"",74,false,28,99,false
815,1,2019-08-23 01:50:02.819 -0700,2019-08-23 01:51:17.775 -0700,3,1,false,"",74,false,29,105,false
816,1,2019-08-23 01:51:23.792 -0700,2019-08-23 01:53:42.321 -0700,3,1,true,"",74,false,30,106,false
817,1,2019-08-23 01:53:44.011 -0700,2019-08-23 01:54:06.033 -0700,2,3,true,"",74,false,31,110,false
818,1,2019-08-23 01:54:08.280 -0700,2019-08-23 01:54:18.954 -0700,3,3,false,"",74,false,32,111,false
819,1,2019-08-23 01:54:27.993 -0700,2019-08-23 01:54:51.330 -0700,3,3,true,"",74,false,33,113,false
820,1,2019-08-23 01:54:53.299 -0700,2019-08-23 01:55:23.611 -0700,3,3,true,"",74,false,34,115,false
821,1,2019-08-23 01:55:25.200 -0700,2019-08-23 01:55:37.277 -0700,3,3,true,"",74,false,35,117,false
822,3,2019-08-23 01:55:58.153 -0700,2019-08-23 01:56:13.195 -0700,1,1,false,"",74,false,36,122,false
823,1,2019-08-23 01:56:15.705 -0700,2019-08-23 01:56:30.316 -0700,1,1,false,"",74,false,37,124,false
824,1,2019-08-23 01:56:33.801 -0700,2019-08-23 01:56:44.399 -0700,2,3,true,"",74,false,38,128,false
825,1,2019-08-23 01:56:49.597 -0700,2019-08-23 01:56:57.692 -0700,2,3,true,"",74,false,39,132,false
826,1,2019-08-23 01:56:59.621 -0700,2019-08-23 01:57:18.174 -0700,2,3,true,"",74,false,40,136,false
827,1,2019-08-23 01:57:20.653 -0700,2019-08-23 01:57:32.658 -0700,2,3,false,"",74,false,41,139,false
828,1,2019-08-23 01:57:40.705 -0700,2019-08-23 01:58:36.672 -0700,3,1,true,"",74,false,42,145,false
829,1,2019-08-23 01:58:43.017 -0700,2019-08-23 01:58:58.506 -0700,3,1,false,"",74,false,43,150,false
830,1,2019-08-23 01:59:01.132 -0700,2019-08-23 01:59:36.516 -0700,3,1,true,"",74,false,44,151,false
831,1,2019-08-23 01:59:39.060 -0700,2019-08-23 01:59:54.284 -0700,3,1,false,"",74,false,45,155,false
832,1,2019-08-23 02:00:45.056 -0700,2019-08-23 02:52:59.425 -0700,3,1,false,"",74,false,51,174,false
833,1,2019-08-23 02:53:08.140 -0700,2019-08-23 02:53:26.182 -0700,3,1,false,"",74,false,52,179,false
834,2,2019-08-23 02:53:35.628 -0700,2019-08-23 03:25:50.683 -0700,2,2,false,"",74,false,53,182,false
835,1,2019-08-23 03:26:12.105 -0700,2019-08-23 03:26:28.305 -0700,2,1,true,"",74,false,56,194,false
836,1,2019-08-23 03:26:46.994 -0700,2019-08-23 03:26:56.565 -0700,1,3,true,"",74,false,57,196,false
837,1,2019-08-23 03:26:58.508 -0700,2019-08-23 03:27:14.679 -0700,3,1,false,"",74,false,58,203,false
838,1,2019-08-23 03:27:17.200 -0700,2019-08-23 03:27:27.709 -0700,2,3,true,"",74,false,59,206,false
839,1,2019-08-23 03:27:29.629 -0700,2019-08-23 03:27:46.964 -0700,2,3,true,"",74,false,60,209,false
840,1,2019-08-23 03:27:48.629 -0700,2019-08-23 03:28:02.052 -0700,3,1,false,"",74,false,61,213,false
841,1,2019-08-23 03:28:04.854 -0700,2019-08-23 03:28:20.830 -0700,3,1,true,"",74,false,62,217,false
842,1,2019-08-23 03:28:22.248 -0700,2019-08-23 03:28:35.128 -0700,2,3,true,"",74,false,63,219,false
843,1,2019-08-23 03:28:36.683 -0700,2019-08-23 03:28:47.355 -0700,2,3,true,"",74,false,64,223,false
844,1,2019-08-23 03:28:49.858 -0700,2019-08-23 03:29:36.954 -0700,2,3,true,"",74,false,65,227,false
845,1,2019-08-23 03:29:38.198 -0700,2019-08-23 03:29:59.844 -0700,2,3,true,"",74,false,66,229,false
846,2,2019-08-23 03:30:01.791 -0700,2019-08-23 03:31:57.235 -0700,2,3,true,"",74,false,67,231,false
847,1,2019-08-23 03:31:58.564 -0700,2019-08-23 03:32:17.753 -0700,2,3,true,"",74,false,68,235,false
848,1,2019-08-23 03:32:20.068 -0700,2019-08-23 03:32:29.444 -0700,2,3,false,"",74,false,69,240,false
849,1,2019-08-23 03:32:34.913 -0700,2019-08-23 03:32:45.551 -0700,2,2,true,"",74,false,70,244,false
850,1,2019-08-23 03:32:47.778 -0700,2019-08-23 03:32:59.286 -0700,2,3,true,"",74,false,71,248,false
851,2,2019-08-23 03:33:01.753 -0700,2019-08-23 03:33:33.667 -0700,2,3,true,"",74,false,72,251,false
852,1,2019-08-23 03:33:36.046 -0700,2019-08-23 03:34:14.805 -0700,2,3,false,"",74,false,73,256,false
853,1,2019-08-23 03:34:22.588 -0700,2019-08-23 03:34:51.302 -0700,2,3,true,"",74,false,74,260,false
854,1,2019-08-23 03:34:53.484 -0700,2019-08-23 03:35:27.154 -0700,2,2,true,"",74,false,75,265,false
855,1,2019-08-23 03:35:29.547 -0700,2019-08-23 03:36:49.488 -0700,3,2,true,"",74,false,76,269,false
856,1,2019-08-23 03:36:52.195 -0700,2019-08-23 03:37:25.856 -0700,3,2,false,"",74,false,77,273,false
857,1,2019-08-23 03:38:00.559 -0700,2019-08-23 03:38:36.712 -0700,2,2,false,"",74,false,78,276,false
858,1,2019-08-23 03:39:18.053 -0700,2019-08-23 03:54:37.907 -0700,2,3,true,"",74,false,79,281,false
859,1,2019-08-23 03:54:40.715 -0700,2019-08-23 03:55:09.870 -0700,2,2,true,"",74,false,80,285,false
860,1,2019-08-23 03:55:12.617 -0700,2019-08-23 03:57:10.207 -0700,3,2,false,"",74,false,81,289,false
861,1,2019-08-23 03:57:16.591 -0700,2019-08-23 03:57:38.369 -0700,3,2,true,"",74,false,82,294,false
862,1,2019-08-24 05:21:57.394 -0700,2019-08-24 05:22:23.380 -0700,1,2,false,"",89,false,2,8,false
863,1,2019-08-24 16:01:55.406 -0700,2019-08-24 16:02:09.488 -0700,0,0,true,"",77,false,57,196,false
864,1,2019-08-24 16:02:12.224 -0700,2019-08-24 16:02:29.150 -0700,0,0,true,"",77,false,58,202,false
865,1,2019-08-24 16:02:42.313 -0700,2019-08-24 16:03:02.296 -0700,0,0,true,"",77,false,60,209,false
866,1,2019-08-24 16:03:16.643 -0700,2019-08-24 16:03:28.364 -0700,0,0,false,"",77,false,61,213,false
867,1,2019-08-24 16:03:46.685 -0700,2019-08-24 16:03:54.968 -0700,0,0,true,"",77,false,62,217,false
868,1,2019-08-24 16:03:56.973 -0700,2019-08-24 16:04:13.167 -0700,0,0,true,"",77,false,63,219,false
869,1,2019-08-24 16:04:15.019 -0700,2019-08-24 16:05:40.789 -0700,0,0,true,"",77,false,64,223,false
870,1,2019-08-24 16:05:50.280 -0700,2019-08-24 16:06:19.543 -0700,0,0,true,"",77,false,65,227,false
871,1,2019-08-24 16:06:21.834 -0700,2019-08-24 16:06:42.692 -0700,0,0,true,"",77,false,66,229,false
872,1,2019-08-24 16:06:44.558 -0700,2019-08-24 16:07:51.503 -0700,0,0,true,"",77,false,67,231,false
873,1,2019-08-24 16:07:53.599 -0700,2019-08-24 16:08:22.408 -0700,0,0,true,"",77,false,68,235,false
874,1,2019-08-24 16:08:29.113 -0700,2019-08-24 16:09:14.342 -0700,0,0,true,"",77,false,69,241,false
875,1,2019-08-24 16:09:19.439 -0700,2019-08-24 16:09:44.095 -0700,0,0,true,"",77,false,70,244,false
876,1,2019-08-24 16:09:47.083 -0700,2019-08-24 16:10:02.997 -0700,0,0,true,"",77,false,71,248,false
877,1,2019-08-24 16:10:05.356 -0700,2019-08-24 16:10:49.407 -0700,0,0,true,"",77,false,72,251,false
878,1,2019-08-24 16:10:52.229 -0700,2019-08-24 16:11:23.672 -0700,0,0,false,"",77,false,73,256,false
879,1,2019-08-24 16:11:42.074 -0700,2019-08-24 16:12:27.797 -0700,0,0,true,"",77,false,74,260,false
880,1,2019-08-24 16:12:30.499 -0700,2019-08-24 16:13:21.570 -0700,0,0,true,"",77,false,75,265,false
881,1,2019-08-24 16:13:24.464 -0700,2019-08-24 16:16:34.464 -0700,0,0,true,"",77,false,76,269,false
882,1,2019-08-24 16:16:37.996 -0700,2019-08-24 16:23:27.144 -0700,0,0,true,"",77,false,77,274,false
883,1,2019-08-24 16:23:29.795 -0700,2019-08-24 16:25:00.796 -0700,0,0,true,"",77,false,78,275,false
884,1,2019-08-24 16:25:34.200 -0700,2019-08-24 16:34:03.595 -0700,0,0,true,"",77,false,79,281,false
885,1,2019-08-24 16:34:06.390 -0700,2019-08-24 16:49:22.172 -0700,0,0,true,"",77,false,80,285,false
886,1,2019-08-24 16:49:24.875 -0700,2019-08-24 16:49:50.913 -0700,0,0,true,"",77,false,81,288,false
887,1,2019-08-24 16:49:53.158 -0700,2019-08-24 16:50:43.896 -0700,0,0,true,"",77,false,82,294,false
888,1,2019-08-24 16:50:46.133 -0700,2019-08-24 16:55:03.903 -0700,0,0,true,"",77,false,83,297,false
889,1,2019-08-24 16:55:06.299 -0700,2019-08-24 17:16:55.995 -0700,0,0,true,"",77,false,84,302,false
890,1,2019-08-24 17:16:58.453 -0700,2019-08-24 17:18:02.132 -0700,0,0,true,"",77,true,85,305,false
891,1,2019-08-24 17:18:05.106 -0700,2019-08-24 17:18:45.944 -0700,0,0,true,"",77,false,86,307,false
892,1,2019-08-24 17:18:48.226 -0700,2019-08-24 17:19:52.265 -0700,0,0,true,"",77,false,87,311,false
893,1,2019-08-24 17:20:03.022 -0700,2019-08-24 17:20:10.872 -0700,0,0,true,"",77,false,59,206,false
894,1,2019-08-24 17:20:56.334 -0700,2019-08-24 17:21:03.034 -0700,0,0,true,"",77,false,36,121,false
895,1,2019-08-24 17:21:04.966 -0700,2019-08-24 17:21:11.400 -0700,0,0,true,"",77,false,37,126,false
896,1,2019-08-24 17:21:13.236 -0700,2019-08-24 17:21:16.983 -0700,0,0,true,"",77,false,38,128,false
897,1,2019-08-24 17:21:18.789 -0700,2019-08-24 17:21:23.318 -0700,0,0,true,"",77,false,39,132,false
898,1,2019-08-24 17:21:25.231 -0700,2019-08-24 17:21:36.300 -0700,0,0,true,"",77,false,40,136,false
899,1,2019-08-24 17:21:38.405 -0700,2019-08-24 17:21:51.552 -0700,0,0,false,"",77,false,41,142,false
900,1,2019-08-24 17:22:04.538 -0700,2019-08-24 17:22:19.589 -0700,0,0,true,"",77,false,42,145,false
901,1,2019-08-24 17:22:21.357 -0700,2019-08-24 17:22:28.235 -0700,0,0,true,"",77,false,43,148,false
902,1,2019-08-24 17:22:30.457 -0700,2019-08-24 17:22:55.115 -0700,0,0,true,"",77,false,44,151,false
903,1,2019-08-24 17:22:56.939 -0700,2019-08-24 17:23:12.916 -0700,0,0,true,"",77,false,45,156,false
904,2,2019-08-24 17:23:15.071 -0700,2019-08-24 17:23:30.088 -0700,0,0,true,"",77,false,46,158,false
905,1,2019-08-24 17:23:31.732 -0700,2019-08-24 17:23:41.731 -0700,0,0,true,"",77,false,47,160,false
906,1,2019-08-24 17:23:43.599 -0700,2019-08-24 17:23:59.024 -0700,0,0,true,"",77,false,48,163,false
907,1,2019-08-24 17:24:00.843 -0700,2019-08-24 17:24:09.257 -0700,0,0,true,"",77,false,49,167,false
908,1,2019-08-24 17:24:10.896 -0700,2019-08-24 17:24:18.762 -0700,0,0,true,"",77,false,50,169,false
909,2,2019-08-24 17:24:19.960 -0700,2019-08-24 17:24:31.120 -0700,0,0,true,"",77,false,51,173,false
910,1,2019-08-24 17:24:32.789 -0700,2019-08-24 17:24:39.578 -0700,0,0,true,"",77,false,52,176,false
911,1,2019-08-24 17:24:41.399 -0700,2019-08-24 17:24:50.535 -0700,0,0,true,"",77,false,53,180,false
912,1,2019-08-24 17:24:52.525 -0700,2019-08-24 17:25:12.650 -0700,0,0,false,"",77,false,54,187,false
913,1,2019-08-24 17:25:23.611 -0700,2019-08-24 17:25:29.720 -0700,0,0,true,"",77,false,55,189,false
914,1,2019-08-24 17:25:31.316 -0700,2019-08-24 17:25:51.657 -0700,0,0,true,"",77,false,56,194,false
915,1,2019-08-24 18:07:27.914 -0700,2019-08-24 18:07:47.534 -0700,0,0,true,"",50,false,2,7,false
916,1,2019-08-24 18:07:52.461 -0700,2019-08-24 18:08:12.677 -0700,0,0,true,"",50,false,3,10,false
917,1,2019-08-24 18:08:15.612 -0700,2019-08-24 18:08:34.629 -0700,0,0,true,"",50,false,4,15,false
918,2,2019-08-24 18:08:37.043 -0700,2019-08-24 18:08:50.828 -0700,0,0,true,"",50,false,5,18,false
919,1,2019-08-24 18:08:56.896 -0700,2019-08-24 18:09:34.806 -0700,0,0,true,"",50,false,6,20,false
920,1,2019-08-24 18:09:38.771 -0700,2019-08-24 18:09:54.246 -0700,0,0,true,"",50,false,7,25,false
921,1,2019-08-24 18:09:56.792 -0700,2019-08-24 18:10:09.199 -0700,0,0,true,"",50,false,8,27,false
922,1,2019-08-24 18:10:12.173 -0700,2019-08-24 18:10:25.463 -0700,0,0,true,"",50,false,9,31,false
923,1,2019-08-24 18:10:27.669 -0700,2019-08-24 18:10:42.075 -0700,0,0,true,"",50,false,10,35,false
924,1,2019-08-24 18:10:44.171 -0700,2019-08-24 18:10:57.641 -0700,0,0,true,"",50,false,11,40,false
925,1,2019-08-24 18:11:00.017 -0700,2019-08-24 18:11:35.169 -0700,0,0,true,"",50,false,12,44,false
926,1,2019-08-24 18:11:37.223 -0700,2019-08-24 18:12:02.572 -0700,0,0,true,"",50,false,13,49,false
927,1,2019-08-24 18:12:05.092 -0700,2019-08-24 18:13:01.899 -0700,0,0,true,"",50,false,14,53,false
928,1,2019-08-24 21:37:14.179 -0700,2019-08-24 21:37:20.526 -0700,0,0,true,"",20,false,57,196,false
929,1,2019-08-24 21:37:22.454 -0700,2019-08-24 21:37:41.459 -0700,0,0,false,"",20,false,58,201,false
930,1,2019-08-24 21:37:47.780 -0700,2019-08-24 21:38:13.419 -0700,0,0,true,"",20,false,59,206,false
931,1,2019-08-24 21:38:15.742 -0700,2019-08-24 21:38:51.276 -0700,0,0,true,"",20,false,60,209,false
932,1,2019-08-24 21:38:53.120 -0700,2019-08-24 21:39:07.079 -0700,0,0,true,"",20,false,61,214,false
933,1,2019-08-24 21:39:09.061 -0700,2019-08-24 21:39:20.777 -0700,0,0,true,"",20,false,62,217,false
934,1,2019-08-24 21:39:22.567 -0700,2019-08-24 21:39:32.794 -0700,0,0,true,"",20,false,63,219,false
935,1,2019-08-24 21:39:34.421 -0700,2019-08-24 21:39:40.179 -0700,0,0,true,"",20,false,64,223,false
936,1,2019-08-24 21:39:41.621 -0700,2019-08-24 21:42:44.373 -0700,0,0,true,"",20,false,65,227,false
937,1,2019-08-24 21:42:46.102 -0700,2019-08-24 21:43:56.017 -0700,0,0,true,"",20,false,66,229,false
938,1,2019-08-24 21:43:57.588 -0700,2019-08-24 21:46:12.699 -0700,0,0,true,"",20,false,67,231,false
939,1,2019-08-24 21:46:33.225 -0700,2019-08-24 21:46:48.443 -0700,0,0,true,"",20,false,68,235,false
940,1,2019-08-24 21:46:51.056 -0700,2019-08-24 21:47:02.745 -0700,0,0,true,"",20,false,69,241,false
941,1,2019-08-24 21:49:29.715 -0700,2019-08-24 21:49:46.785 -0700,0,0,true,"",20,false,70,244,false
942,2,2019-08-24 21:49:48.993 -0700,2019-08-24 21:50:08.599 -0700,0,0,true,"",20,false,71,248,false
943,1,2019-08-24 21:50:10.647 -0700,2019-08-24 21:50:52.818 -0700,0,0,false,"",20,false,72,252,false
944,1,2019-08-24 21:51:11.525 -0700,2019-08-24 21:51:26.719 -0700,0,0,true,"",20,false,73,257,false
945,1,2019-08-24 21:51:28.770 -0700,2019-08-24 21:52:14.951 -0700,0,0,true,"",20,false,74,260,false
946,1,2019-08-24 21:52:16.929 -0700,2019-08-24 21:53:31.317 -0700,0,0,true,"",20,false,75,265,false
947,1,2019-08-24 21:53:33.402 -0700,2019-08-24 21:55:57.944 -0700,0,0,true,"",20,false,76,269,false
948,1,2019-08-24 21:55:59.828 -0700,2019-08-24 21:56:28.231 -0700,0,0,true,"",20,false,77,274,false
949,1,2019-08-24 21:56:30.006 -0700,2019-08-24 21:57:29.327 -0700,0,0,true,"",20,false,78,275,false
950,1,2019-08-24 21:57:35.641 -0700,2019-08-24 21:58:52.394 -0700,0,0,true,"",20,false,79,281,false
951,1,2019-08-24 21:58:55.060 -0700,2019-08-24 21:59:08.009 -0700,0,0,true,"",20,false,80,285,false
952,1,2019-08-24 21:59:10.300 -0700,2019-08-24 21:59:28.909 -0700,0,0,true,"",20,false,81,288,false
953,1,2019-08-24 21:59:30.711 -0700,2019-08-24 22:09:57.540 -0700,0,0,true,"",20,false,82,294,false
954,1,2019-08-24 22:09:59.788 -0700,2019-08-24 22:13:37.674 -0700,0,0,true,"",20,false,83,297,false
955,1,2019-08-24 22:13:40.318 -0700,2019-08-24 22:13:48.472 -0700,0,0,true,"",20,false,84,302,false
956,1,2019-08-24 22:13:50.457 -0700,2019-08-24 22:14:11.127 -0700,0,0,true,"",20,false,85,305,false
957,1,2019-08-24 22:14:13.131 -0700,2019-08-24 22:15:19.365 -0700,0,0,true,"",20,false,86,307,false
958,1,2019-08-24 22:15:21.695 -0700,2019-08-24 22:16:40.526 -0700,0,0,false,"",20,false,87,312,false
959,1,2019-08-25 02:10:06.247 -0700,2019-08-25 02:10:29.497 -0700,1,3,true,"",92,false,2,7,false
960,1,2019-08-25 05:16:19.044 -0700,2019-08-25 05:17:58.483 -0700,2,2,true,"",95,false,57,196,false
961,1,2019-08-25 05:18:02.452 -0700,2019-08-25 05:18:23.675 -0700,0,0,true,"",95,false,58,202,false
962,1,2019-08-25 05:18:26.458 -0700,2019-08-25 05:18:44.173 -0700,0,0,true,"",95,false,59,206,false
963,1,2019-08-25 05:18:46.227 -0700,2019-08-25 05:19:31.076 -0700,0,0,false,"",95,false,60,210,false
964,1,2019-08-25 05:20:00.270 -0700,2019-08-25 05:20:21.621 -0700,0,0,false,"",95,false,61,212,false
965,1,2019-08-25 05:20:32.920 -0700,2019-08-25 05:22:12.167 -0700,0,0,false,"",95,false,62,218,false
966,1,2019-08-25 05:22:15.509 -0700,2019-08-25 05:30:58.375 -0700,0,0,true,"",95,false,63,219,false
967,1,2019-08-25 05:31:01.720 -0700,2019-08-25 05:31:16.495 -0700,0,0,true,"",95,false,64,223,false
968,1,2019-08-25 05:31:19.206 -0700,2019-08-25 05:36:57.854 -0700,0,0,true,"",95,false,65,227,false
969,1,2019-08-25 05:37:00.086 -0700,2019-08-25 05:37:14.093 -0700,0,0,true,"",95,false,66,229,false
970,1,2019-08-25 19:14:07.331 -0700,2019-08-25 19:14:25.577 -0700,1,3,true,"",100,false,2,7,false
971,1,2019-08-25 19:14:32.784 -0700,2019-08-25 19:14:48.090 -0700,1,3,true,"",100,false,3,10,false
972,1,2019-08-25 19:14:52.704 -0700,2019-08-25 19:15:09.357 -0700,1,3,true,"",100,false,4,15,false
973,1,2019-08-25 19:16:12.999 -0700,2019-08-25 19:16:19.959 -0700,1,3,true,"",100,false,5,18,false
974,1,2019-08-25 19:16:24.050 -0700,2019-08-25 19:16:53.322 -0700,1,3,true,"",100,false,6,20,false
975,1,2019-08-25 19:16:57.100 -0700,2019-08-25 19:17:08.211 -0700,1,3,true,"",100,false,7,25,false
976,1,2019-08-25 19:17:11.834 -0700,2019-08-25 19:17:28.697 -0700,1,3,true,"",100,false,8,27,false
977,1,2019-08-25 19:17:34.731 -0700,2019-08-25 19:17:52.497 -0700,1,3,true,"",100,false,9,31,false
978,1,2019-08-25 19:17:56.426 -0700,2019-08-25 19:18:07.035 -0700,1,3,true,"",100,false,10,35,false
979,1,2019-08-25 19:18:10.328 -0700,2019-08-25 19:18:22.569 -0700,1,3,true,"",100,false,11,40,false
980,1,2019-08-25 19:18:25.897 -0700,2019-08-25 19:18:36.065 -0700,1,3,true,"",100,false,12,44,false
981,1,2019-08-25 19:18:39.410 -0700,2019-08-25 19:19:00.214 -0700,1,3,true,"",100,false,13,49,false
982,1,2019-08-25 19:19:03.453 -0700,2019-08-25 19:19:45.915 -0700,2,3,true,"",100,false,14,53,false
983,1,2019-08-25 19:19:49.910 -0700,2019-08-25 19:20:22.996 -0700,1,3,true,"",100,false,15,56,false
984,1,2019-08-25 19:20:26.182 -0700,2019-08-25 19:20:39.074 -0700,1,3,true,"",100,false,16,57,false
985,1,2019-08-25 19:20:42.468 -0700,2019-08-25 19:20:58.349 -0700,1,3,true,"",100,false,17,60,false
986,1,2019-08-25 19:21:01.162 -0700,2019-08-25 19:21:19.621 -0700,1,3,true,"",100,false,18,63,false
987,1,2019-08-25 19:21:23.299 -0700,2019-08-25 19:21:32.448 -0700,1,3,true,"",100,false,19,66,false
988,1,2019-08-25 19:21:35.986 -0700,2019-08-25 19:21:48.469 -0700,1,3,true,"",100,false,20,70,false
989,1,2019-08-25 19:21:51.641 -0700,2019-08-25 19:22:08.218 -0700,1,3,true,"",100,false,21,73,false
990,1,2019-08-25 19:22:11.720 -0700,2019-08-25 19:22:29.457 -0700,1,3,true,"",100,false,22,74,false
991,1,2019-08-25 19:22:33.062 -0700,2019-08-25 19:22:54.025 -0700,1,3,true,"",100,false,23,80,false
992,1,2019-08-25 19:22:57.398 -0700,2019-08-25 19:23:07.683 -0700,1,3,true,"",100,false,24,82,false
993,1,2019-08-25 19:23:14.035 -0700,2019-08-25 19:23:39.753 -0700,2,3,true,"",100,false,25,87,false
994,1,2019-08-25 19:23:43.818 -0700,2019-08-25 19:24:00.199 -0700,1,3,true,"",100,false,26,91,false
995,1,2019-08-25 19:24:03.792 -0700,2019-08-25 19:24:17.228 -0700,1,3,true,"",100,false,27,95,false
996,1,2019-08-25 19:24:20.604 -0700,2019-08-25 19:24:31.676 -0700,1,3,true,"",100,false,28,99,false
997,1,2019-08-25 19:24:35.479 -0700,2019-08-25 19:25:06.725 -0700,2,3,true,"",100,false,29,104,false
998,1,2019-08-25 19:25:10.933 -0700,2019-08-25 19:25:37.361 -0700,2,3,true,"",100,false,30,106,false
999,1,2019-08-25 19:25:40.345 -0700,2019-08-25 19:26:00.759 -0700,1,3,true,"",100,false,31,110,false
1000,1,2019-08-25 19:26:03.662 -0700,2019-08-25 19:26:10.556 -0700,1,3,true,"",100,false,32,112,false
1001,1,2019-08-25 19:26:14.283 -0700,2019-08-25 19:26:25.902 -0700,1,3,true,"",100,false,33,113,false
1002,1,2019-08-25 19:26:29.388 -0700,2019-08-25 19:26:40.406 -0700,1,3,true,"",100,false,34,115,false
1003,1,2019-08-25 19:26:43.301 -0700,2019-08-25 19:26:54.614 -0700,1,3,true,"",100,false,35,117,false
1004,1,2019-08-25 19:27:14.180 -0700,2019-08-25 19:27:22.394 -0700,1,3,true,"",100,false,36,121,false
1005,1,2019-08-25 19:27:25.590 -0700,2019-08-25 19:27:31.760 -0700,1,3,true,"",100,false,37,126,false
1006,1,2019-08-25 19:27:34.707 -0700,2019-08-25 19:27:45.653 -0700,1,3,true,"",100,false,38,128,false
1007,1,2019-08-25 19:27:48.428 -0700,2019-08-25 19:27:56.754 -0700,1,3,true,"",100,false,39,132,false
1008,1,2019-08-25 19:28:00.452 -0700,2019-08-25 19:28:10.714 -0700,1,3,true,"",100,false,40,136,false
1009,1,2019-08-25 19:28:14.018 -0700,2019-08-25 19:28:26.531 -0700,1,3,true,"",100,false,41,141,false
1010,1,2019-08-25 19:28:29.693 -0700,2019-08-25 19:28:47.130 -0700,1,3,true,"",100,false,42,145,false
1011,1,2019-08-25 19:28:50.440 -0700,2019-08-25 19:29:01.587 -0700,1,3,true,"",100,false,43,148,false
1012,1,2019-08-25 19:29:04.539 -0700,2019-08-25 19:29:26.938 -0700,1,3,true,"",100,false,44,151,false
1013,1,2019-08-25 19:29:30.379 -0700,2019-08-25 19:29:52.967 -0700,1,2,true,"",100,false,45,156,false
1014,1,2019-08-25 19:29:57.508 -0700,2019-08-25 19:30:09.308 -0700,1,3,true,"",100,false,46,158,false
1015,1,2019-08-25 19:30:12.604 -0700,2019-08-25 19:30:28.915 -0700,1,3,true,"",100,false,47,160,false
1016,1,2019-08-25 19:30:32.697 -0700,2019-08-25 19:30:42.524 -0700,1,3,true,"",100,false,48,163,false
1017,1,2019-08-25 19:30:46.476 -0700,2019-08-25 19:30:57.686 -0700,1,3,true,"",100,false,49,167,false
1018,1,2019-08-25 19:31:01.064 -0700,2019-08-25 19:31:15.315 -0700,1,3,true,"",100,false,50,169,false
1019,1,2019-08-25 19:31:18.421 -0700,2019-08-25 19:31:34.114 -0700,2,3,true,"",100,false,51,173,false
1020,1,2019-08-25 19:31:38.351 -0700,2019-08-25 19:31:48.797 -0700,1,3,true,"",100,false,52,176,false
1021,1,2019-08-25 19:31:52.644 -0700,2019-08-25 19:32:02.321 -0700,1,3,true,"",100,false,53,180,false
1022,1,2019-08-25 19:32:05.723 -0700,2019-08-25 19:32:20.937 -0700,2,2,true,"",100,false,54,185,false
1023,1,2019-08-25 19:32:24.581 -0700,2019-08-25 19:32:40.509 -0700,2,3,true,"",100,false,55,189,false
1024,1,2019-08-25 19:32:44.936 -0700,2019-08-25 19:32:57.743 -0700,1,3,true,"",100,false,56,194,false
1025,1,2019-08-25 19:33:08.836 -0700,2019-08-25 19:33:28.038 -0700,1,3,true,"",100,false,57,196,false
1026,1,2019-08-25 19:33:31.292 -0700,2019-08-25 19:33:53.308 -0700,2,3,true,"",100,false,58,202,false
1027,1,2019-08-25 19:33:57.013 -0700,2019-08-25 19:34:09.406 -0700,1,3,true,"",100,false,59,206,false
1028,1,2019-08-25 19:34:12.733 -0700,2019-08-25 19:34:40.035 -0700,2,2,true,"",100,false,60,209,false
1029,2,2019-08-25 19:34:45.637 -0700,2019-08-25 19:35:03.485 -0700,2,3,true,"",100,false,61,214,false
1030,1,2019-08-25 19:35:07.231 -0700,2019-08-25 19:35:21.895 -0700,2,3,true,"",100,false,62,217,false
1031,1,2019-08-25 19:35:24.880 -0700,2019-08-25 19:35:35.949 -0700,1,3,true,"",100,false,63,219,false
1032,1,2019-08-25 19:35:39.698 -0700,2019-08-25 19:35:54.679 -0700,1,3,true,"",100,false,64,223,false
1033,1,2019-08-25 19:35:57.917 -0700,2019-08-25 19:36:24.185 -0700,2,3,true,"",100,false,65,227,false
1034,1,2019-08-25 19:36:27.264 -0700,2019-08-25 19:36:42.645 -0700,1,3,true,"",100,false,66,229,false
1035,1,2019-08-25 19:36:46.043 -0700,2019-08-25 19:37:13.264 -0700,2,3,true,"",100,false,67,231,false
1036,1,2019-08-25 19:37:17.195 -0700,2019-08-25 19:37:35.568 -0700,1,3,true,"",100,false,68,235,false
1037,1,2019-08-25 19:37:38.926 -0700,2019-08-25 19:37:52.219 -0700,2,3,true,"",100,false,69,241,false
1038,1,2019-08-25 19:37:56.051 -0700,2019-08-25 19:38:08.479 -0700,2,3,true,"",100,false,70,244,false
1039,1,2019-08-25 19:38:12.032 -0700,2019-08-25 19:38:31.925 -0700,1,3,true,"",100,false,71,248,false
1040,1,2019-08-25 19:38:35.453 -0700,2019-08-25 19:38:57.670 -0700,1,3,true,"",100,false,72,251,false
1041,1,2019-08-25 19:39:01.930 -0700,2019-08-25 19:39:32.348 -0700,1,3,true,"",100,false,73,257,false
1042,1,2019-08-25 19:39:35.972 -0700,2019-08-25 19:40:05.867 -0700,2,3,true,"",100,false,74,260,false
1043,1,2019-08-25 19:40:36.152 -0700,2019-08-25 19:41:15.659 -0700,2,2,true,"",100,false,76,269,false
1044,1,2019-08-25 19:41:19.767 -0700,2019-08-25 19:41:56.583 -0700,2,3,true,"",100,false,77,274,false
1045,1,2019-08-25 19:42:00.009 -0700,2019-08-25 19:42:21.562 -0700,1,3,true,"",100,false,78,275,false
1046,1,2019-08-25 19:42:25.342 -0700,2019-08-25 19:42:50.610 -0700,2,3,true,"",100,false,79,281,false
1047,1,2019-08-25 19:42:54.396 -0700,2019-08-25 19:43:13.847 -0700,2,3,true,"",100,false,80,285,false